accession,label
GCA_000006785.2&&1284183_1025_2_2_8091,TypeI-C
GCA_000007185.1&&1324335_305_2_1_2837,TypeIII-A
GCA_000007305.1&&1066279_968_2_2_5113,TypeI-B
GCA_000007685.1&&1134467_284_2_6_6368,TypeI-A
GCA_000007705.1&&1291807_1040_1_6_734,TypeI-C
GCA_000007705.1&&1292860_290_1_7_734,TypeI-C
GCA_000008265.1&&524_263_2_1_8149,TypeI-D
GCA_000008265.1&&792_956_2_2_8149,TypeI-D
GCA_000008645.1&&999392_263_2_6_3109,TypeIII-D
GCA_000008645.1&&999658_974_2_7_3109,TypeIII-D
GCA_000009705.1&&1729649_2006_1_1_11341,TypeIII-D
GCA_000009705.1&&1834184_1001_1_6_10002,TypeI-D
GCA_000009705.1&&1836368_188_1_7_10002,TypeI-D
GCA_000009965.1&&382856_980_2_9_6772,TypeI-A
GCA_000010025.1&&861337_290_2_1_10568,TypeI-C
GCA_000010505.1&&2147268_770_2_2_1370,TypeIII-B
GCA_000011125.1&&784237_278_2_7_6313,TypeI-A
GCA_000011185.1&&110910_968_2_2_794,TypeIII-A
GCA_000011285.1&&1148741_869_2_3_11556,TypeII-A
GCA_000011765.2&&1240514_1025_2_2_8764,TypeI-C
GCA_000011825.1&&862566_623_1_1_6103,TypeIII-A
GCA_000011845.1&&868468_623_1_1_5764,TypeIII-A
GCA_000012025.1&&2774241_920_1_7_1914,TypeI-E
GCA_000012285.1&&1669823_917_2_3_9291,TypeI-D
GCA_000012545.1&&488784_1016_1_7_3125,TypeI-B
GCA_000012925.1&&1193442_1034_1_6_6587,TypeI-C
GCA_000013085.1&&1364648_374_2_4_9635,TypeIII-D
GCA_000013205.1&&892609_278_2_10_8969,TypeIII-D
GCA_000013405.1&&608903_275_1_9_5879,TypeIII-B
GCA_000013405.1&&609195_278_1_10_5879,TypeIII-B
GCA_000013445.1&&2098032_269_2_1_7032,TypeI-D
GCA_000013445.1&&2098306_1043_2_2_7032,TypeI-D
GCA_000013445.1&&845232_287_2_1_10566,TypeIII-D
GCA_000013445.1&&845516_995_2_2_10566,TypeIII-D
GCA_000013525.1&&1258552_293_2_1_8012,TypeI-C
GCA_000013805.1&&2330216_980_2_6_6267,TypeI-F
GCA_000014645.1&&1471519_272_2_1_10831,TypeV-A
GCA_000014645.1&&1471772_1004_2_2_10831,TypeV-A
GCA_000014645.1&&814922_956_1_2_7707,TypeII-B
GCA_000014645.1&&816036_293_1_3_7707,TypeII-B
GCA_000014725.1&&563223_1028_1_6_3807,TypeI-C
GCA_000015085.1&&672834_968_1_6_7880,TypeI-B
GCA_000015145.1&&630016_287_2_6_1417,TypeI-A
GCA_000015805.1&&1183435_884_1_5_6503,TypeI-A
GCA_000015805.1&&1184310_275_1_6_6503,TypeI-A
GCA_000015865.1&&2741525_992_2_2_1190,TypeI-B
GCA_000016505.1&&2826093_1004_2_2_4507,TypeI-B
GCA_000016605.1&&1093126_908_1_9_10164,TypeI-A
GCA_000016605.1&&1094398_260_1_10_10164,TypeI-A
GCA_000016665.1&&2314536_1013_1_5_1020,TypeI-B
GCA_000016905.1&&1640173_260_1_1_5053,TypeIII-B
GCA_000016905.1&&1640446_986_1_2_5053,TypeIII-B
GCA_000016905.1&&360707_260_2_1_2733,TypeI-B
GCA_000017185.1&&1120337_293_1_6_1736,TypeI-B
GCA_000017245.1&&436081_326_1_3_3748,TypeII-C
GCA_000017465.2&&879070_998_2_1_10020,TypeI-B
GCA_000017545.1&&1032977_263_1_8_3659,TypeI-B
GCA_000017845.1&&1201313_1676_1_6_7662,TypeI-A
GCA_000017845.1&&345718_992_2_2_4551,TypeIII-B
GCA_000018145.1&&395098_911_1_2_7147,TypeII-C
GCA_000018145.1&&396006_344_1_3_7147,TypeII-C
GCA_000018425.1&&1914303_995_2_2_971,TypeI-B
GCA_000018565.1&&2840994_1052_1_7_2164,TypeI-D
GCA_000018565.1&&2842050_284_1_8_2164,TypeI-D
GCA_000018565.1&&3175004_1019_1_7_8129,TypeIII-A
GCA_000018945.1&&713060_284_1_7_4790,TypeI-B
GCA_000019165.1&&273469_1052_2_4_10437,TypeI-A
GCA_000019785.1&&1237367_1031_2_2_3911,TypeI-C
GCA_000020365.1&&621923_296_1_2_8195,TypeI-B
GCA_000020765.1&&580938_293_1_7_4501,TypeI-C
GCA_000021285.1&&1963694_260_2_1_3476,TypeI-B
GCA_000021545.1&&788988_266_2_8_5332,TypeIII-C
GCA_000021645.1&&620788_995_2_7_3779,TypeIII-A
GCA_000021805.1&&514905_293_2_1_9430,TypeI-D
GCA_000021805.1&&515195_977_2_2_9430,TypeI-D
GCA_000021825.1&&1893173_977_1_7_11369,TypeI-D
GCA_000021825.1&&1894147_293_1_8_11369,TypeI-D
GCA_000021945.1&&4193268_1019_1_6_10143,TypeIII-A
GCA_000021985.1&&1919329_284_1_8_9513,TypeIII-B
GCA_000022405.1&&852434_914_2_3_3899,TypeI-A
GCA_000022425.1&&944019_266_1_3_10684,TypeI-A
GCA_000022465.1&&702303_284_2_2_1708,TypeI-A
GCA_000022465.1&&704620_872_2_3_1708,TypeI-A
GCA_000022485.1&&1890963_872_2_10_2393,TypeI-A
GCA_000022825.1&&2840583_980_1_1_416,TypeI-F
GCA_000023325.1&&702543_269_2_1_3757,TypeIII-C
GCA_000023325.1&&711369_944_2_8_3757,TypeIII-C
GCA_000023465.1&&4766924_896_1_2_4802,TypeII-C
GCA_000023965.1&&2720110_992_1_7_8219,TypeI-B
GCA_000024185.1&&1032857_266_1_7_9079,TypeI-B
GCA_000024185.1&&1555431_278_2_2_3455,TypeIII-A
GCA_000024425.1&&197591_971_1_7_4786,TypeIII-A
GCA_000024725.1&&3002284_968_1_5_11492,TypeI-D
GCA_000024725.1&&3003259_302_1_6_11492,TypeI-D
GCA_000024805.1&&6640324_1784_1_4_3518,TypeI-G
GCA_000025185.1&&1405107_2828_1_1_10184,TypeIII-D
GCA_000025245.2&&1515027_293_2_4_7334,TypeI-G
GCA_000026045.1&&1577537_995_1_7_10381,TypeI-D
GCA_000026045.1&&1578535_272_1_8_10381,TypeI-D
GCA_000048645.1&&187946_992_1_2_5761,TypeII-B
GCA_000048645.1&&188945_299_1_3_5761,TypeII-B
GCA_000056065.1&&763169_872_1_7_3007,TypeI-E
GCA_000091645.1&&742158_344_1_3_3259,TypeII-A
GCA_000091665.1&&351301_344_2_9_10526,TypeI-A
GCA_000092245.1&&2824443_1004_1_6_10135,TypeI-B
GCA_000092405.1&&1397190_1010_2_3_8005,TypeI-B
GCA_000092565.1&&3160952_1652_1_1_1805,TypeI-A
GCA_000092565.1&&3162604_284_1_2_1805,TypeI-A
GCA_000092765.1&&1515456_1607_2_5_7821,TypeI-G
GCA_000143965.1&&1902918_1967_1_4_9271,TypeIII-D
GCA_000143965.1&&1904897_287_1_5_9271,TypeIII-D
GCA_000143985.1&&1127824_293_1_7_6760,TypeI-C
GCA_000144645.1&&72005_992_1_6_1461,TypeI-B
GCA_000144695.1&&890424_995_1_6_4164,TypeI-D
GCA_000144695.1&&891420_272_1_7_4164,TypeI-D
GCA_000145215.1&&2468573_263_1_3_3888,TypeI-B
GCA_000145615.1&&2638304_992_2_2_6189,TypeI-B
GCA_000145985.1&&867168_977_2_8_5322,TypeI-A
GCA_000148385.1&&1613792_275_2_6_2471,TypeI-A
GCA_000148385.1&&1614068_995_2_7_2471,TypeI-A
GCA_000148705.1&&1431986_431_2_1_8307,TypeII-C
GCA_000151105.2&&396573_968_1_6_6664,TypeI-A
GCA_000151105.2&&397538_257_2_7_6664,TypeI-A
GCA_000151205.2&&467247_980_2_3_10264,TypeI-B
GCA_000158275.2&&173971_998_1_6_10240,TypeI-B
GCA_000165775.3&&580322_290_1_7_9646,TypeI-C
GCA_000166055.1&&2046849_293_2_1_3932,TypeIII-D
GCA_000166055.1&&2047139_1100_2_2_3932,TypeIII-D
GCA_000168595.2&&542393_998_1_7_3121,TypeI-B
GCA_000168635.2&&2734169_341_2_2_6969,TypeII-A
GCA_000176855.2&&4426262_290_1_7_8483,TypeI-C
GCA_000177215.2&&1496123_290_2_1_6070,TypeI-C
GCA_000178115.2&&693760_290_2_1_10373,TypeI-C
GCA_000179575.2&&106199_263_2_2_3926,TypeI-D
GCA_000179575.2&&106472_965_2_3_3926,TypeI-D
GCA_000184345.2&&810403_272_2_5_10827,TypeI-D
GCA_000184345.2&&810678_1043_2_6_10827,TypeI-D
GCA_000189555.1&&733830_878_1_2_7055,TypeI-A
GCA_000189555.1&&734819_269_1_3_7055,TypeI-A
GCA_000189575.1&&750771_914_1_5_5736,TypeI-D
GCA_000189775.3&&2386381_263_2_1_10153,TypeI-B
GCA_000190315.1&&1380815_995_2_7_9531,TypeI-A
GCA_000190635.1&&893323_1031_1_6_11102,TypeI-C
GCA_000192865.1&&698322_278_2_1_6061,TypeIII-B
GCA_000192865.1&&698597_2873_2_2_6061,TypeIII-B
GCA_000193435.3&&1699999_284_2_1_3568,TypeI-D
GCA_000193435.3&&1700386_986_2_2_3568,TypeI-D
GCA_000195295.1&&101390_296_2_7_4254,TypeI-A
GCA_000195295.1&&101771_1013_2_8_4254,TypeI-A
GCA_000195295.1&&3067565_2642_2_1_3460,TypeIII-D
GCA_000195315.1&&2041137_308_1_3_10774,TypeII-A
GCA_000195535.1&&1468736_272_2_1_9092,TypeV-A
GCA_000195535.1&&1468989_1004_2_2_9092,TypeV-A
GCA_000195555.1&&1128213_293_2_2_4874,TypeII-B
GCA_000195555.1&&1128592_734_2_3_4874,TypeII-B
GCA_000195995.1&&2926948_917_2_2_4969,TypeI-E
GCA_000196055.1&&950814_341_1_3_3834,TypeII-A
GCA_000196135.1&&1529854_998_1_2_5392,TypeII-B
GCA_000199675.1&&2686873_1013_1_7_5885,TypeIII-A
GCA_000199675.1&&2687886_290_1_8_5885,TypeIII-A
GCA_000204075.1&&5225621_1001_1_7_6043,TypeI-D
GCA_000204075.1&&5226684_272_1_8_6043,TypeI-D
GCA_000204625.1&&1322471_323_2_2_9141,TypeII-C
GCA_000204625.1&&1322791_914_2_3_9141,TypeII-C
GCA_000209815.1&&307556_908_2_3_2489,TypeII-C
GCA_000210375.1&&3590130_284_2_1_1157,TypeIII-D
GCA_000210375.1&&3590467_974_2_2_1157,TypeIII-D
GCA_000210735.1&&2154986_290_1_6_1487,TypeI-C
GCA_000210855.2&&3100256_293_2_1_8674,TypeI-E
GCA_000210855.2&&3100549_920_2_2_8674,TypeI-E
GCA_000213215.1&&1585566_854_1_9_3412,TypeI-A
GCA_000214275.3&&3134115_1721_2_2_5054,TypeI-G
GCA_000214355.1&&3385765_275_1_8_805,TypeIII-B
GCA_000214415.1&&219364_968_1_5_9573,TypeI-D
GCA_000214415.1&&220329_257_2_6_9573,TypeI-D
GCA_000215645.1&&112792_299_2_1_10842,TypeI-G
GCA_000215995.1&&855549_257_2_6_3986,TypeI-A
GCA_000217795.1&&1418938_290_1_9_1211,TypeIII-B
GCA_000218625.1&&1724225_281_2_8_6531,TypeIII-B
GCA_000218625.1&&1724503_1010_2_9_6531,TypeIII-B
GCA_000224475.1&&194794_272_2_1_9305,TypeI-D
GCA_000224475.1&&195069_995_2_2_9305,TypeI-D
GCA_000224965.2&&1509814_1607_2_5_5853,TypeI-G
GCA_000224985.1&&1039396_908_2_2_3497,TypeIII-A
GCA_000225955.1&&1365051_1067_2_5_1313,TypeIII-D
GCA_000227665.3&&1369730_947_2_6_2982,TypeI-F
GCA_000227685.3&&1091521_974_1_5_5073,TypeI-D
GCA_000227685.3&&1092495_299_1_6_5073,TypeI-D
GCA_000227685.3&&1961867_284_2_3_9614,TypeIII-B
GCA_000227685.3&&1975228_404_2_10_9614,TypeIII-B
GCA_000227685.3&&1976539_284_2_11_9614,TypeIII-B
GCA_000227685.3&&2990406_977_2_6_645,TypeI-F
GCA_000227705.3&&3285169_263_2_1_3535,TypeI-B
GCA_000230715.3&&3429520_992_1_7_9324,TypeI-B
GCA_000230715.3&&3430514_260_1_8_9324,TypeI-B
GCA_000231015.3&&976850_986_1_2_10344,TypeI-A
GCA_000231015.3&&977839_287_1_3_10344,TypeI-A
GCA_000231175.1&&3158303_1652_1_1_6723,TypeI-A
GCA_000235405.3&&1596689_278_2_2_6803,TypeIII-A
GCA_000236585.1&&1330500_269_2_7_7161,TypeIII-A
GCA_000237085.1&&2474888_290_2_3_4827,TypeIII-D
GCA_000237085.1&&2475172_995_2_4_4827,TypeIII-D
GCA_000237865.1&&402080_995_1_7_6894,TypeI-D
GCA_000237865.1&&403078_272_1_8_6894,TypeI-D
GCA_000237975.1&&3249494_263_2_1_2648,TypeI-B
GCA_000241815.1&&74556_281_2_1_6910,TypeIII-A
GCA_000242455.3&&3418604_254_1_1_1690,TypeI-G
GCA_000242455.3&&487933_299_2_1_4574,TypeI-A
GCA_000242455.3&&488288_1655_2_2_4574,TypeI-A
GCA_000242935.3&&727553_296_2_1_10587,TypeV-B
GCA_000242935.3&&727855_1754_2_2_10587,TypeV-B
GCA_000246985.3&&3301_257_1_1_7809,TypeI-A
GCA_000247545.1&&985229_275_1_8_2803,TypeI-A
GCA_000247715.1&&3984128_287_2_1_10038,TypeI-G
GCA_000247715.1&&3984422_1655_2_2_10038,TypeI-G
GCA_000248095.3&&1306142_902_2_1_857,TypeI-E
GCA_000253395.1&&969387_329_1_2_6211,TypeIII-A
GCA_000255475.1&&1171708_998_1_7_5658,TypeI-B
GCA_000255615.3&&882203_626_1_6_9863,TypeIII-D
GCA_000255615.3&&883079_290_1_7_9863,TypeIII-D
GCA_000258425.1&&58466_290_1_9_10597,TypeI-A
GCA_000262125.1&&3526201_293_2_1_5635,TypeI-E
GCA_000262675.1&&905872_329_2_8_7955,TypeIII-A
GCA_000265465.1&&2223350_896_2_2_2941,TypeII-C
GCA_000270245.1&&1242875_1877_1_6_9345,TypeIII-D
GCA_000270245.1&&1244728_299_1_7_9345,TypeIII-D
GCA_000271905.2&&963591_920_1_7_9914,TypeI-E
GCA_000277345.1&&1509705_293_2_4_4093,TypeI-G
GCA_000279145.1&&930931_263_2_1_977,TypeI-B
GCA_000281175.1&&1530579_278_2_1_4121,TypeIII-A
GCA_000283515.1&&1915261_290_1_7_8820,TypeI-C
GCA_000283555.1&&670097_290_1_7_10105,TypeI-C
GCA_000298655.1&&368068_980_1_5_5682,TypeI-F
GCA_000306825.1&&28343_371_2_1_8085,TypeI-E
GCA_000307585.2&&419024_263_2_1_3634,TypeI-B
GCA_000307915.1&&4325777_284_1_6_2349,TypeIII-D
GCA_000309945.1&&1036159_293_2_1_8179,TypeI-D
GCA_000309945.1&&1036595_977_2_2_8179,TypeI-D
GCA_000309945.1&&5268420_293_1_7_7261,TypeI-A
GCA_000316575.1&&1331471_293_2_1_11283,TypeI-D
GCA_000316575.1&&1331761_977_2_2_11283,TypeI-D
GCA_000316575.1&&3049017_281_2_10_7825,TypeIII-D
GCA_000316575.1&&3053445_2021_2_12_7825,TypeIII-D
GCA_000316625.1&&3303747_278_2_10_8275,TypeIII-D
GCA_000316625.1&&3304025_1040_2_11_8275,TypeIII-D
GCA_000316625.1&&3308170_2018_2_12_8275,TypeIII-D
GCA_000317025.1&&2418273_992_1_7_5278,TypeIII-B
GCA_000317085.1&&2791403_989_2_2_6296,TypeIII-B
GCA_000317105.1&&6238808_347_2_1_1271,TypeI-D
GCA_000317145.1&&2089334_293_2_1_5759,TypeI-C
GCA_000317635.1&&1439880_983_1_1_3962,TypeIII-B
GCA_000317635.1&&767684_1004_1_11_2564,TypeIII-D
GCA_000317635.1&&768718_272_1_12_2564,TypeIII-D
GCA_000317655.1&&3031277_293_2_1_8223,TypeI-A
GCA_000317655.1&&3031575_1667_2_2_8223,TypeI-A
GCA_000317855.1&&1132966_311_2_2_2968,TypeII-A
GCA_000321415.2&&2531529_977_2_6_2152,TypeI-F
GCA_000327045.1&&1387338_293_2_1_6996,TypeI-G
GCA_000327045.1&&1387637_1727_2_2_6996,TypeI-G
GCA_000327045.1&&352694_284_1_7_8681,TypeIII-B
GCA_000327045.1&&353041_341_1_8_8681,TypeIII-B
GCA_000328625.1&&933603_245_1_2_420,TypeI-A
GCA_000328785.1&&2995452_290_2_1_2735,TypeI-C
GCA_000328785.1&&3249935_1640_2_2_2065,TypeI-G
GCA_000328805.1&&3148337_1016_2_2_8112,TypeIII-A
GCA_000328845.1&&3165376_287_2_1_10982,TypeI-G
GCA_000331025.1&&2573628_1010_2_6_1229,TypeI-F
GCA_000331735.1&&10098660_293_2_1_1158,TypeI-A
GCA_000338775.1&&1667746_917_2_3_1019,TypeI-D
GCA_000340315.1&&1669827_917_2_3_434,TypeI-D
GCA_000340565.3&&3455505_1010_1_9_11431,TypeIII-D
GCA_000340565.3&&3456512_284_1_10_11431,TypeIII-D
GCA_000340605.1&&469216_305_2_2_125,TypeII-A
GCA_000340725.1&&1397764_305_2_2_9542,TypeII-A
GCA_000340725.1&&1398074_872_2_3_9542,TypeII-A
GCA_000347595.1&&844834_326_2_1_10895,TypeII-C
GCA_000349885.2&&1788953_278_2_1_8247,TypeI-B
GCA_000355675.1&&2351468_293_2_1_586,TypeI-C
GCA_000364745.1&&594896_914_1_4_10775,TypeI-D
GCA_000376645.1&&1576694_293_1_6_9285,TypeI-C
GCA_000376665.1&&131699_164_1_8_6240,TypeIII-A
GCA_000382585.2&&3953193_1001_2_6_4310,TypeI-F
GCA_000382585.2&&407408_923_1_7_3215,TypeI-E
GCA_000414215.1&&1509560_293_2_4_6230,TypeI-G
GCA_000414215.1&&1509865_1607_2_5_6230,TypeI-G
GCA_000418325.1&&605491_2003_1_4_945,TypeI-G
GCA_000418325.1&&607555_290_1_5_945,TypeI-G
GCA_000427075.1&&931678_869_1_2_2080,TypeII-A
GCA_000438605.1&&2972160_278_1_8_9372,TypeI-B
GCA_000463345.3&&1434126_980_2_6_11144,TypeI-F
GCA_000466065.2&&1533844_890_2_2_9740,TypeII-C
GCA_000468915.2&&1533457_890_2_2_7595,TypeII-C
GCA_000470975.2&&4588221_293_2_1_1407,TypeV-B
GCA_000470975.2&&4588524_1667_2_2_1407,TypeV-B
GCA_000473995.1&&2820450_290_2_1_3306,TypeI-B
GCA_000484505.1&&1491212_1004_2_2_10048,TypeI-B
GCA_000484535.1&&4275127_275_2_3_9252,TypeIII-B
GCA_000486915.2&&1023895_917_1_7_7795,TypeI-E
GCA_000493595.1&&934050_983_1_1_732,TypeI-F
GCA_000512395.1&&289120_980_1_5_5760,TypeI-F
GCA_000550805.1&&2281013_917_1_2_3292,TypeII-C
GCA_000572095.1&&684854_323_1_3_11281,TypeII-C
GCA_000576125.1&&701814_977_2_6_9123,TypeI-F
GCA_000623575.2&&2961983_293_2_1_1687,TypeI-E
GCA_000624475.2&&2961980_293_2_1_3764,TypeI-E
GCA_000624995.2&&2962276_920_2_2_584,TypeI-E
GCA_000626115.2&&2962276_920_2_2_10341,TypeI-E
GCA_000698885.1&&1145561_905_2_1_11106,TypeI-E
GCA_000710505.1&&1669867_992_2_2_1828,TypeIII-B
GCA_000710505.1&&4541740_296_2_1_4642,TypeI-D
GCA_000710505.1&&4542033_977_2_2_4642,TypeI-D
GCA_000724795.2&&358164_932_2_2_1416,TypeII-C
GCA_000732425.1&&1147472_311_2_2_8738,TypeII-A
GCA_000734015.1&&1460368_992_1_8_3194,TypeI-A
GCA_000734035.1&&1847178_1037_2_8_11235,TypeI-A
GCA_000734035.1&&543145_275_2_2_5406,TypeIII-D
GCA_000734035.1&&543417_941_2_3_5406,TypeIII-D
GCA_000739065.1&&430989_968_1_6_864,TypeI-D
GCA_000739065.1&&431954_263_2_7_864,TypeI-D
GCA_000739455.1&&2436865_1601_1_4_10838,TypeI-G
GCA_000756505.1&&2221500_344_2_1_14,TypeII-C
GCA_000758345.1&&3728365_980_1_1_7912,TypeI-F
GCA_000758685.1&&1386790_290_1_7_1844,TypeI-C
GCA_000761135.1&&363238_305_1_3_3600,TypeII-A
GCA_000763575.1&&2348142_263_2_2_6825,TypeI-B
GCA_000763575.1&&2348407_992_2_3_6825,TypeI-B
GCA_000767685.1&&103739_1601_2_2_10726,TypeI-G
GCA_000800805.1&&1019951_971_1_3_4192,TypeV-A
GCA_000800805.1&&1020919_272_1_4_4192,TypeV-A
GCA_000816145.1&&1069911_989_2_9_8370,TypeIII-A
GCA_000818055.1&&1509499_293_2_4_7260,TypeI-G
GCA_000827835.1&&2852558_995_1_6_4766,TypeI-D
GCA_000827835.1&&2853550_272_1_7_4766,TypeI-D
GCA_000828975.1&&3242650_902_2_2_7437,TypeII-C
GCA_000830865.1&&1455994_890_2_2_10063,TypeII-C
GCA_000831145.1&&966432_869_1_2_7556,TypeII-A
GCA_000833165.1&&1162385_1004_1_3_9187,TypeV-A
GCA_000833165.1&&1163370_272_1_4_9187,TypeV-A
GCA_000833165.1&&1828800_293_2_2_8774,TypeII-B
GCA_000833165.1&&1829251_956_2_3_8774,TypeII-B
GCA_000833315.1&&1323165_1004_1_3_10289,TypeV-A
GCA_000833315.1&&1324150_272_1_4_10289,TypeV-A
GCA_000833375.1&&1313852_293_2_2_404,TypeII-B
GCA_000833375.1&&1314303_956_2_3_404,TypeII-B
GCA_000833375.1&&657406_1004_1_3_2887,TypeV-A
GCA_000833375.1&&658391_272_1_4_2887,TypeV-A
GCA_000833475.1&&68326_293_2_2_6236,TypeII-B
GCA_000833475.1&&69151_581_2_3_6236,TypeII-B
GCA_000833535.1&&209913_581_2_2_6446,TypeII-B
GCA_000833555.1&&360311_581_1_2_6778,TypeII-B
GCA_000834435.1&&2341437_980_2_6_4784,TypeI-F
GCA_000834755.1&&544404_980_2_6_1572,TypeI-F
GCA_000834825.1&&586759_980_2_6_4078,TypeI-F
GCA_000834885.1&&581137_980_2_6_11404,TypeI-F
GCA_000834905.1&&2143792_980_2_6_4257,TypeI-F
GCA_000834945.1&&2090145_980_2_6_10890,TypeI-F
GCA_000834965.1&&1295007_293_2_2_5545,TypeII-B
GCA_000834965.1&&1295458_956_2_3_5545,TypeII-B
GCA_000834965.1&&573007_1004_1_3_6162,TypeV-A
GCA_000834965.1&&573992_272_1_4_6162,TypeV-A
GCA_000940845.1&&419700_302_2_1_4553,TypeI-G
GCA_000940845.1&&419999_1601_2_2_4553,TypeI-G
GCA_000961155.1&&4496616_1034_1_6_5289,TypeI-C
GCA_000961235.1&&4497287_290_1_7_2087,TypeI-C
GCA_000963635.1&&1040114_1013_1_5_10321,TypeI-C
GCA_000965745.1&&1251352_1031_2_2_7508,TypeI-C
GCA_000969985.1&&835182_779_2_6_5334,TypeI-B
GCA_000970005.1&&2070243_1007_1_6_4182,TypeIII-A
GCA_000970045.1&&3723258_1007_1_6_6251,TypeIII-A
GCA_000970205.1&&900418_989_1_7_9777,TypeI-D
GCA_000970205.1&&901404_266_1_8_9777,TypeI-D
GCA_000970225.1&&803290_290_2_2_7853,TypeIII-C
GCA_000970225.1&&803650_971_2_3_7853,TypeIII-C
GCA_000970265.1&&2979801_290_1_6_5018,TypeI-B
GCA_000970285.1&&2394773_956_1_6_7666,TypeIII-D
GCA_000970285.1&&2395771_305_1_7_7666,TypeIII-D
GCA_000971575.2&&1723980_347_1_3_4923,TypeII-C
GCA_000973065.1&&3907932_284_2_1_8935,TypeIII-D
GCA_000973065.1&&3908267_1013_2_2_8935,TypeIII-D
GCA_000978535.1&&1762678_263_2_7_9114,TypeIII-B
GCA_000978785.2&&604396_581_1_2_7596,TypeII-B
GCA_000980815.1&&592694_305_2_1_6497,TypeII-C
GCA_000982975.1&&1546928_1004_2_6_3660,TypeI-F
GCA_001007915.1&&1068474_923_2_2_703,TypeI-E
GCA_001008015.1&&883180_1004_1_1_10471,TypeIII-A
GCA_001008335.2&&3317817_1625_1_6_3505,TypeI-A
GCA_001011115.1&&840474_263_1_8_2698,TypeI-B
GCA_001011135.1&&687460_581_1_2_9081,TypeII-B
GCA_001011135.1&&688573_293_1_3_9081,TypeII-B
GCA_001011675.1&&1343224_338_1_3_3729,TypeII-C
GCA_001027005.1&&2214917_290_2_2_6989,TypeIII-C
GCA_001027005.1&&2215351_971_2_3_6989,TypeIII-C
GCA_001039695.2&&1162935_293_2_1_1388,TypeI-C
GCA_001042675.1&&1341326_1031_2_2_7729,TypeI-C
GCA_001042695.1&&468356_332_1_3_2892,TypeII-C
GCA_001051095.1&&800799_869_1_2_9861,TypeII-A
GCA_001077795.1&&880732_899_2_2_2057,TypeII-C
GCA_001187975.3&&4042838_980_2_6_5905,TypeI-F
GCA_001188635.1&&944718_305_2_2_9475,TypeII-A
GCA_001188715.1&&2378653_980_1_1_1874,TypeI-F
GCA_001189275.1&&230442_884_2_3_11220,TypeI-A
GCA_001262115.1&&287033_293_2_2_10648,TypeII-B
GCA_001262115.1&&287858_581_2_3_10648,TypeII-B
GCA_001263815.1&&2092061_290_2_1_8462,TypeIII-B
GCA_001266655.1&&1094414_260_1_10_2571,TypeI-A
GCA_001266695.1&&1093140_908_1_9_208,TypeI-A
GCA_001266715.1&&1094414_260_1_10_6513,TypeI-A
GCA_001277215.2&&3000154_917_2_2_5008,TypeI-E
GCA_001277295.1&&3732348_977_1_7_7687,TypeI-D
GCA_001277295.1&&3733322_293_1_8_7687,TypeI-D
GCA_001277295.1&&4547301_281_1_2_1253,TypeIII-B
GCA_001296125.1&&1100770_305_2_2_8728,TypeII-A
GCA_001314265.1&&2171253_770_2_2_6957,TypeIII-B
GCA_001402875.1&&1771583_1814_2_2_6142,TypeI-G
GCA_001402875.1&&2459850_290_1_7_6032,TypeI-C
GCA_001412615.1&&303803_236_2_5_10571,TypeI-A
GCA_001432245.1&&2731748_905_2_9_3103,TypeIII-A
GCA_001433455.1&&2053554_266_1_3_2469,TypeIII-B
GCA_001433955.1&&287823_1007_1_8_4815,TypeIII-A
GCA_001443305.1&&3211523_284_1_2_5938,TypeI-A
GCA_001455105.1&&1301587_323_2_1_10646,TypeIII-A
GCA_001455125.1&&1567153_323_2_1_478,TypeIII-A
GCA_001459775.1&&1171138_305_2_1_5027,TypeI-G
GCA_001465275.1&&5244655_752_2_2_2784,TypeI-A
GCA_001481595.1&&1665013_917_1_1_3973,TypeI-D
GCA_001481635.1&&26152_917_1_1_10540,TypeI-D
GCA_001481725.1&&169605_290_1_7_5733,TypeI-B
GCA_001484065.1&&3361441_1031_1_6_6585,TypeI-C
GCA_001484685.1&&1128222_257_2_6_3904,TypeI-A
GCA_001516325.2&&2890318_974_2_6_5745,TypeI-F
GCA_001535565.1&&1099177_869_2_3_8103,TypeII-A
GCA_001543325.1&&580519_992_1_5_2162,TypeIII-D
GCA_001543325.1&&581492_290_1_6_2162,TypeIII-D
GCA_001544675.1&&3125626_341_2_1_866,TypeIII-A
GCA_001544705.1&&3132636_341_2_1_6990,TypeIII-A
GCA_001544775.1&&3076037_1016_2_2_9947,TypeIII-A
GCA_001544985.1&&3116704_341_2_1_11274,TypeIII-A
GCA_001544985.1&&3117046_1016_2_2_11274,TypeIII-A
GCA_001545055.1&&3142582_1016_2_2_6688,TypeIII-A
GCA_001547755.1&&1077113_329_2_1_8360,TypeII-C
GCA_001548075.1&&4264505_1985_1_1_2384,TypeIII-D
GCA_001548075.1&&4266997_287_1_2_2384,TypeIII-D
GCA_001548155.2&&2722277_1814_1_5_1838,TypeI-G
GCA_001548155.2&&2724203_305_1_6_1838,TypeI-G
GCA_001548255.1&&68105_905_1_1_5566,TypeIII-A
GCA_001548375.1&&4255849_293_2_1_1218,TypeI-D
GCA_001548375.1&&4256322_977_2_2_1218,TypeI-D
GCA_001548395.1&&5301644_275_1_10_3004,TypeIII-D
GCA_001548435.1&&3477432_977_1_7_8171,TypeI-D
GCA_001548435.1&&3479001_221_1_8_8171,TypeI-D
GCA_001553625.1&&2229416_1013_2_2_10310,TypeI-C
GCA_001554015.1&&1019093_317_2_1_9703,TypeIII-A
GCA_001557535.2&&1347949_1040_2_2_8946,TypeI-C
GCA_001559175.2&&1803409_869_2_3_10657,TypeII-A
GCA_001577525.1&&1034987_278_2_1_7077,TypeIII-C
GCA_001583435.1&&2306949_326_2_2_5753,TypeIII-B
GCA_001583435.1&&2308211_278_2_4_5753,TypeIII-B
GCA_001592385.1&&503156_293_1_7_1173,TypeI-C
GCA_001602455.1&&1209265_932_2_2_1200,TypeII-C
GCA_001610735.1&&176340_992_1_2_10121,TypeII-B
GCA_001610735.1&&177339_299_1_3_10121,TypeII-B
GCA_001611275.1&&1433496_290_1_7_9762,TypeI-C
GCA_001611905.1&&3440037_284_2_1_9265,TypeIII-D
GCA_001611905.1&&3440374_974_2_2_9265,TypeIII-D
GCA_001612515.1&&981049_293_1_8_6640,TypeI-E
GCA_001618685.1&&2891988_263_2_2_736,TypeI-B
GCA_001618685.1&&2892263_914_2_3_736,TypeI-B
GCA_001641185.1&&944381_329_1_2_6679,TypeII-C
GCA_001648175.1&&283826_977_2_6_3963,TypeI-F
GCA_001663795.1&&685949_869_2_3_1485,TypeII-A
GCA_001663815.1&&911813_1013_2_7_3124,TypeIII-B
GCA_001663815.1&&912810_413_2_8_3124,TypeIII-B
GCA_001663815.1&&913220_284_2_9_3124,TypeIII-B
GCA_001677075.2&&187743_992_1_2_198,TypeII-B
GCA_001677075.2&&188742_299_1_3_198,TypeII-B
GCA_001677395.1&&2377347_329_1_2_10091,TypeII-C
GCA_001680065.1&&1286700_287_2_2_6811,TypeII-B
GCA_001680065.1&&1286996_983_2_3_6811,TypeII-B
GCA_001682135.1&&304612_1550_1_5_10243,TypeI-D
GCA_001682135.1&&306159_284_1_6_10243,TypeI-D
GCA_001682215.1&&1981985_2270_1_5_5892,TypeIII-B
GCA_001682215.1&&1984249_290_1_6_5892,TypeIII-B
GCA_001683515.1&&926629_341_1_3_5955,TypeII-A
GCA_001683775.2&&1140362_1652_2_7_8003,TypeI-A
GCA_001683775.2&&3498863_272_1_8_7479,TypeI-C
GCA_001688905.2&&1170008_290_2_2_1087,TypeII-B
GCA_001688905.2&&1170306_1007_2_3_1087,TypeII-B
GCA_001688965.2&&7397_1031_1_7_1559,TypeI-C
GCA_001692755.1&&882673_626_1_6_1627,TypeIII-D
GCA_001696605.3&&2575617_965_2_6_2464,TypeI-F
GCA_001697125.1&&1808390_914_1_2_10096,TypeII-C
GCA_001697505.1&&550092_914_2_2_5984,TypeII-C
GCA_001702195.1&&1578910_320_1_3_25,TypeII-A
GCA_001703735.1&&371884_308_2_1_3989,TypeII-C
GCA_001705585.1&&123330_869_2_3_4552,TypeII-A
GCA_001715615.1&&1824735_305_2_2_7254,TypeII-A
GCA_001719125.1&&2687124_914_2_3_6843,TypeI-D
GCA_001723545.1&&880082_305_1_3_5772,TypeII-A
GCA_001729945.1&&476860_992_1_6_7913,TypeI-B
GCA_001746635.1&&4241674_290_1_7_1725,TypeI-C
GCA_001747405.1&&1046284_2195_1_2_8585,TypeIII-A
GCA_001752745.1&&178481_992_1_2_4718,TypeII-B
GCA_001752745.1&&179480_299_1_3_4718,TypeII-B
GCA_001752785.1&&178481_992_1_2_625,TypeII-B
GCA_001752785.1&&179480_299_1_3_625,TypeII-B
GCA_001752825.1&&178481_992_1_2_4010,TypeII-B
GCA_001752825.1&&179480_299_1_3_4010,TypeII-B
GCA_001766275.1&&2980685_968_2_6_9386,TypeI-F
GCA_001766295.1&&2360854_968_1_1_10535,TypeI-F
GCA_001855705.1&&1707729_905_1_7_8791,TypeI-E
GCA_001865695.1&&1536925_272_2_1_3902,TypeV-A
GCA_001865695.1&&1537178_1004_2_2_3902,TypeV-A
GCA_001870225.1&&194335_293_2_6_5357,TypeIII-B
GCA_001870225.1&&2206881_1643_2_2_1837,TypeI-A
GCA_001870225.1&&649883_281_2_6_8071,TypeIII-B
GCA_001870225.1&&650167_977_2_7_8071,TypeIII-B
GCA_001880205.1&&1475668_272_2_1_1943,TypeV-A
GCA_001880205.1&&1475921_1004_2_2_1943,TypeV-A
GCA_001880205.1&&809115_956_1_2_8051,TypeII-B
GCA_001880205.1&&810229_293_1_3_8051,TypeII-B
GCA_001880245.1&&1030653_293_2_2_4885,TypeII-B
GCA_001880245.1&&1031104_956_2_3_4885,TypeII-B
GCA_001886795.1&&202317_299_2_2_2268,TypeII-B
GCA_001886795.1&&202623_992_2_3_2268,TypeII-B
GCA_001886835.1&&202092_299_2_2_436,TypeII-B
GCA_001886835.1&&202398_992_2_3_436,TypeII-B
GCA_001890265.1&&3538792_293_2_1_6192,TypeI-E
GCA_001900945.1&&1192400_293_1_8_9735,TypeI-E
GCA_001901425.1&&2787687_920_1_7_6260,TypeI-E
GCA_001922305.1&&1548165_290_2_1_1699,TypeI-C
GCA_001927405.2&&2794613_1034_1_6_10759,TypeI-C
GCA_001931575.1&&3480735_293_2_1_5356,TypeI-E
GCA_001936015.1&&706650_581_1_2_8028,TypeII-B
GCA_001941365.1&&304476_1550_1_5_10832,TypeI-D
GCA_001941365.1&&306023_284_1_6_10832,TypeI-D
GCA_001941385.1&&1641534_278_1_3_3982,TypeIII-B
GCA_001941465.1&&2674671_1598_1_4_8913,TypeI-G
GCA_001941465.1&&2676266_302_1_5_8913,TypeI-G
GCA_001951335.1&&1458995_890_2_2_9288,TypeII-C
GCA_001955735.1&&1620537_308_1_6_10681,TypeIII-B
GCA_001955735.1&&1621065_1007_1_7_10681,TypeIII-B
GCA_001975725.1&&3270971_1715_2_2_6350,TypeI-G
GCA_001997385.1&&2925619_275_2_1_8037,TypeV-A
GCA_001997385.1&&2925906_959_2_2_8037,TypeV-A
GCA_001998765.1&&3075183_278_1_8_4514,TypeI-B
GCA_001999965.1&&2585938_965_1_3_7820,TypeV-A
GCA_001999965.1&&2586915_275_1_4_7820,TypeV-A
GCA_002002905.1&&1165954_998_1_1_1494,TypeI-F
GCA_002003305.1&&3637368_278_2_1_2907,TypeI-B
GCA_002003325.1&&2820452_290_2_1_3334,TypeI-B
GCA_002003325.1&&2820742_998_2_2_3334,TypeI-B
GCA_002005145.1&&2950465_1640_2_2_5294,TypeI-A
GCA_002009335.2&&453003_1742_1_5_9113,TypeI-A
GCA_002012365.1&&84502_800_1_1_8733,TypeIII-A
GCA_002023005.1&&857807_290_2_1_6719,TypeI-C
GCA_002024325.1&&1430047_890_2_2_8315,TypeII-C
GCA_002025025.1&&1044150_341_1_3_914,TypeII-A
GCA_002025185.1&&682257_899_2_2_146,TypeII-C
GCA_002028305.1&&1435231_431_2_1_6978,TypeII-C
GCA_002043045.1&&2714875_866_2_3_10818,TypeII-A
GCA_002073375.2&&1905904_329_1_3_7135,TypeII-C
GCA_002075105.1&&421544_281_1_8_4879,TypeI-B
GCA_002075285.3&&2244778_293_1_6_11370,TypeI-A
GCA_002075285.3&&2820956_977_1_7_8469,TypeI-D
GCA_002075285.3&&2821991_296_1_8_8469,TypeI-D
GCA_002075285.3&&824592_1004_1_4_4503,TypeIII-B
GCA_002082195.1&&7413407_995_2_2_1374,TypeI-E
GCA_002105615.1&&542154_998_1_7_809,TypeI-B
GCA_002128365.1&&957519_293_1_8_5324,TypeI-E
GCA_002139855.1&&380391_269_2_2_2945,TypeII-B
GCA_002139855.1&&380661_956_2_3_2945,TypeII-B
GCA_002139875.1&&1249499_836_1_2_3521,TypeII-B
GCA_002142575.1&&1858799_293_1_7_179,TypeI-C
GCA_002162355.1&&2351869_1004_1_1_9736,TypeI-D
GCA_002162355.1&&2352876_254_1_2_9736,TypeI-D
GCA_002163895.1&&2263618_875_1_7_3131,TypeI-E
GCA_002197265.1&&914781_341_1_3_6668,TypeII-A
GCA_002197285.1&&913913_869_1_2_2191,TypeII-A
GCA_002201795.1&&1237330_332_1_3_9016,TypeII-C
GCA_002208985.3&&4721157_959_2_6_10271,TypeI-F
GCA_002211645.1&&805525_284_1_7_4717,TypeI-B
GCA_002211925.1&&938796_293_1_8_3133,TypeI-E
GCA_002213865.1&&2606774_341_2_2_2628,TypeII-A
GCA_002214465.1&&409069_257_1_1_3920,TypeI-A
GCA_002214525.1&&1196366_254_2_6_4609,TypeI-A
GCA_002214785.1&&1445101_890_2_2_4937,TypeII-C
GCA_002215345.1&&3088071_974_2_6_4214,TypeI-F
GCA_002221705.2&&3489357_1031_2_2_2131,TypeI-C
GCA_002224505.1&&1105221_905_2_3_1663,TypeII-A
GCA_002236855.1&&1076927_869_2_3_2202,TypeII-A
GCA_002243385.1&&346325_1004_1_7_7183,TypeIII-A
GCA_002243665.1&&1825209_263_1_6_11297,TypeI-B
GCA_002287705.1&&2981835_1625_1_6_7546,TypeI-A
GCA_002287705.1&&2983460_284_1_7_7546,TypeI-A
GCA_002288245.1&&206655_1013_2_3_1175,TypeI-C
GCA_002302445.1&&650203_338_2_1_2418,TypeII-C
GCA_002305895.1&&8650171_1661_2_2_4488,TypeI-A
GCA_002312965.1&&1337786_431_2_1_3302,TypeII-C
GCA_002355215.1&&710538_908_1_2_11327,TypeII-C
GCA_002355815.1&&1182973_1025_2_2_9867,TypeI-C
GCA_002355995.1&&100411_983_2_6_3626,TypeIII-C
GCA_002355995.1&&2092271_272_1_7_10476,TypeIII-B
GCA_002356355.1&&1406314_902_1_4_9528,TypeI-F
GCA_002356395.1&&971580_263_2_1_1540,TypeI-B
GCA_002367975.1&&941193_1664_2_2_2697,TypeI-A
GCA_002368015.1&&6354254_1001_1_6_11439,TypeI-D
GCA_002368015.1&&6356438_188_1_7_11439,TypeI-D
GCA_002368075.1&&2486324_293_2_1_7380,TypeI-D
GCA_002368075.1&&2486614_977_2_2_7380,TypeI-D
GCA_002368095.1&&4298597_977_1_7_4667,TypeI-D
GCA_002368095.1&&4299869_293_1_8_4667,TypeI-D
GCA_002368115.1&&3596644_281_2_6_1443,TypeIII-B
GCA_002368115.1&&685721_293_2_1_5478,TypeI-D
GCA_002368115.1&&686011_977_2_2_5478,TypeI-D
GCA_002368135.1&&428770_281_2_1_11211,TypeIII-B
GCA_002368155.1&&2005423_977_1_7_5541,TypeI-D
GCA_002368155.1&&2006397_293_1_8_5541,TypeI-D
GCA_002368175.1&&7418316_992_2_6_3792,TypeIII-B
GCA_002368215.1&&2185122_977_1_7_938,TypeI-D
GCA_002368215.1&&2186502_293_1_8_938,TypeI-D
GCA_002368215.1&&4489004_1010_1_8_6717,TypeIII-D
GCA_002368355.1&&3565442_278_2_2_9800,TypeIII-B
GCA_002368395.1&&1288052_281_1_2_6426,TypeIII-B
GCA_002386365.1&&435823_299_2_4_829,TypeI-G
GCA_002393445.1&&3751430_971_2_6_2185,TypeI-F
GCA_002441955.1&&2699808_1721_1_4_9840,TypeI-G
GCA_002443035.1&&1813349_911_1_1_5659,TypeII-C
GCA_002504145.1&&939509_953_2_1_8971,TypeI-F
GCA_002557755.1&&775951_311_1_3_4911,TypeII-A
GCA_002568625.1&&2622645_950_1_7_8277,TypeI-E
GCA_002706485.1&&1262746_293_2_1_10242,TypeI-C
GCA_002752655.1&&1217509_1727_2_2_8074,TypeI-G
GCA_002752755.2&&518958_296_1_7_9852,TypeIII-B
GCA_002754015.1&&1481062_290_2_1_8606,TypeIII-B
GCA_002754015.1&&1481372_3095_2_2_8606,TypeIII-B
GCA_002754055.1&&1049133_3095_2_2_9024,TypeIII-B
GCA_002754075.1&&2411252_3095_1_5_5568,TypeIII-B
GCA_002754095.1&&2316137_290_1_6_11064,TypeIII-B
GCA_002754155.1&&1295384_290_1_6_10713,TypeIII-B
GCA_002760955.1&&3422998_293_1_8_6310,TypeI-E
GCA_002763745.1&&1553708_296_2_1_8274,TypeII-C
GCA_002763875.1&&1879205_284_2_1_7178,TypeIII-D
GCA_002763925.1&&2188465_1019_2_6_5037,TypeIII-D
GCA_002763925.1&&2191865_1049_1_7_5037,TypeIII-D
GCA_002763925.1&&2192892_284_1_8_5037,TypeIII-D
GCA_002786455.2&&519294_1016_1_8_11354,TypeIII-B
GCA_002803025.2&&1057868_965_1_1_2146,TypeI-F
GCA_002812465.1&&508136_1025_1_6_8010,TypeI-C
GCA_002812645.1&&2215414_290_2_1_6174,TypeI-B
GCA_002813715.1&&202092_299_2_2_3734,TypeII-B
GCA_002813715.1&&202398_992_2_3_3734,TypeII-B
GCA_002813735.1&&202092_299_2_2_921,TypeII-B
GCA_002813735.1&&202398_992_2_3_921,TypeII-B
GCA_002813775.1&&1894526_293_2_1_10699,TypeI-G
GCA_002838305.1&&1707407_1031_2_1_10174,TypeI-C
GCA_002838325.1&&1619000_1031_2_2_1531,TypeI-C
GCA_002838745.1&&1673113_1031_2_2_1568,TypeI-C
GCA_002850035.1&&1985294_887_2_3_524,TypeII-C
GCA_002863805.1&&1864807_284_1_6_6262,TypeIII-B
GCA_002874775.1&&499499_305_2_2_579,TypeII-A
GCA_002881235.1&&822094_869_1_2_3058,TypeII-A
GCA_002881535.1&&816260_341_1_3_10100,TypeII-A
GCA_002892595.1&&2069304_290_2_1_5831,TypeIII-B
GCA_002892595.1&&2069614_3095_2_2_5831,TypeIII-B
GCA_002895205.1&&2820597_923_2_2_4869,TypeI-E
GCA_002895405.1&&416699_980_1_6_11447,TypeI-B
GCA_002906575.1&&3226370_995_1_7_4536,TypeI-D
GCA_002906575.1&&3227362_287_1_8_4536,TypeI-D
GCA_002945135.3&&1109109_284_1_8_10023,TypeI-E
GCA_002946535.2&&1736365_998_1_6_705,TypeI-B
GCA_002947315.1&&3158401_977_1_1_8252,TypeI-F
GCA_002947675.1&&2033848_959_1_1_8265,TypeI-F
GCA_002949735.1&&105246_281_2_8_2166,TypeIII-A
GCA_002949735.1&&105524_1046_2_9_2166,TypeIII-A
GCA_002951815.1&&2151275_992_1_5_3645,TypeI-B
GCA_002951815.1&&3313404_1661_1_2_11488,TypeV-B1
GCA_002951815.1&&3315067_290_1_3_11488,TypeV-B1
GCA_002952075.1&&648591_1004_1_3_9673,TypeV-A
GCA_002952075.1&&649576_272_1_4_9673,TypeV-A
GCA_002952775.1&&568711_1004_1_7_688,TypeI-D
GCA_002952775.1&&569712_278_1_8_688,TypeI-D
GCA_002966935.1&&359621_998_1_7_8545,TypeI-B
GCA_002966935.1&&360624_278_1_8_8545,TypeI-B
GCA_002982135.1&&1724146_902_2_3_5490,TypeII-A
GCA_002983665.1&&2616682_977_2_6_9961,TypeI-F
GCA_002993285.1&&1415616_1616_1_4_7057,TypeI-G
GCA_003006075.1&&1835579_875_2_2_10368,TypeII-C
GCA_003008615.1&&2451713_968_2_6_1987,TypeI-F
GCA_003010495.1&&163160_995_2_9_8201,TypeIII-A
GCA_003010675.1&&2337377_953_2_1_5810,TypeI-F
GCA_003013635.1&&2733411_290_2_2_4899,TypeI-B
GCA_003045425.1&&2632726_866_2_3_4825,TypeII-A
GCA_003045465.1&&2632388_341_2_2_7443,TypeII-A
GCA_003045485.1&&2632726_866_2_3_2042,TypeII-A
GCA_003051865.1&&2649868_920_1_7_5184,TypeI-E
GCA_003054515.1&&1750857_284_1_6_10448,TypeIII-B
GCA_003054515.1&&1752938_347_1_8_10448,TypeIII-B
GCA_003054575.1&&673865_977_1_1_8467,TypeI-F
GCA_003060745.1&&1498158_431_2_1_10744,TypeII-C
GCA_003063625.1&&3605067_992_1_1_7089,TypeI-F
GCA_003149495.1&&21228_284_2_5_10265,TypeI-G
GCA_003184265.1&&400316_284_1_6_2488,TypeIII-B
GCA_003184265.1&&402422_299_1_8_2488,TypeIII-B
GCA_003201835.2&&2180849_917_1_9_8488,TypeI-A
GCA_003261475.1&&399915_980_1_5_10973,TypeI-F
GCA_003285205.1&&1599061_923_1_7_7005,TypeI-E
GCA_003287015.1&&2203352_1028_1_3_7637,TypeV-A
GCA_003287015.1&&2204377_269_1_4_7637,TypeV-A
GCA_003288075.1&&199835_869_1_2_8225,TypeII-A
GCA_003288255.1&&1298267_998_1_7_5551,TypeI-B
GCA_003290385.1&&237653_956_2_2_10975,TypeI-F
GCA_003294855.2&&2672281_977_2_6_5160,TypeI-F
GCA_003313545.1&&3251997_266_2_1_5530,TypeI-B
GCA_003323795.1&&901078_1040_1_5_2083,TypeI-C
GCA_003346835.1&&1730525_983_2_6_10133,TypeI-F
GCA_003351825.1&&877385_290_2_1_10358,TypeI-C
GCA_003352465.1&&2516790_344_1_3_10943,TypeII-C
GCA_003382795.1&&863110_290_2_1_9084,TypeI-C
GCA_003382915.1&&4221857_1034_1_6_11200,TypeI-C
GCA_003408635.1&&4526197_968_1_1_2219,TypeI-F
GCA_003428375.1&&655314_1607_1_1_1956,TypeI-G
GCA_003428965.1&&867219_1034_2_2_7075,TypeI-C
GCA_003430825.1&&1146241_272_2_1_8058,TypeI-D
GCA_003430825.1&&1146515_995_2_2_8058,TypeI-D
GCA_003443395.1&&628426_911_1_2_5042,TypeII-C
GCA_003443395.1&&629339_323_1_3_5042,TypeII-C
GCA_003443935.1&&30931_866_1_1_4156,TypeI-F
GCA_003456975.1&&3457413_980_2_2_1379,TypeI-B
GCA_003522555.1&&2865321_989_2_6_1036,TypeI-F
GCA_003522605.1&&869150_1034_2_2_6635,TypeI-C
GCA_003544835.1&&831831_266_1_6_454,TypeIII-D
GCA_003544835.1&&832111_608_1_7_454,TypeIII-D
GCA_003544875.1&&1443965_272_2_1_6248,TypeIII-D
GCA_003544875.1&&1444237_2816_2_2_6248,TypeIII-D
GCA_003546905.1&&1928420_980_2_6_7703,TypeI-F
GCA_003555505.2&&2002690_1658_1_1_3178,TypeI-A
GCA_003571505.1&&3829670_974_1_1_10278,TypeI-F
GCA_003574215.1&&753620_1016_1_2_9574,TypeIII-B
GCA_003574925.1&&427311_329_1_3_3389,TypeII-A
GCA_003584625.1&&1051881_974_2_2_6742,TypeI-B
GCA_003595605.1&&1646410_263_2_2_2262,TypeI-B
GCA_003595605.1&&1646684_1001_2_3_2262,TypeI-B
GCA_003597615.1&&2188483_905_2_3_8869,TypeII-A
GCA_003597655.1&&173455_911_2_3_4734,TypeII-A
GCA_003606305.1&&1515009_293_2_4_9022,TypeI-G
GCA_003606305.1&&1515314_1607_2_5_9022,TypeI-G
GCA_003609755.1&&1517377_296_2_1_6948,TypeI-D
GCA_003609755.1&&1517670_977_2_2_6948,TypeI-D
GCA_003628595.1&&478489_917_1_7_6562,TypeI-E
GCA_003628635.1&&3954897_980_2_6_3703,TypeI-F
GCA_003628695.1&&478561_917_1_7_4576,TypeI-E
GCA_003628735.1&&3823755_980_2_6_11419,TypeI-F
GCA_003666485.1&&233725_821_1_2_11091,TypeII-A
GCA_003669015.1&&4697005_305_2_1_10952,TypeII-C
GCA_003698205.1&&1076554_869_2_3_155,TypeII-A
GCA_003711265.1&&808403_986_1_2_6292,TypeII-B
GCA_003711265.1&&809396_308_1_3_6292,TypeII-B
GCA_003722295.1&&50253_284_2_1_1005,TypeI-A
GCA_003722295.1&&50537_1652_2_2_1005,TypeI-A
GCA_003812465.1&&1374818_869_2_3_3106,TypeII-A
GCA_003812805.1&&184743_869_2_3_611,TypeII-A
GCA_003813985.1&&153739_1616_1_4_10909,TypeI-G
GCA_003814285.1&&1164719_305_2_1_8449,TypeIII-A
GCA_003814285.1&&1165024_914_2_2_8449,TypeIII-A
GCA_003814365.1&&906016_311_1_3_2539,TypeII-A
GCA_003815675.1&&1038072_338_2_1_9295,TypeII-C
GCA_003815755.1&&2307485_338_2_1_2737,TypeII-C
GCA_003815875.1&&4422704_893_2_2_2062,TypeII-C
GCA_003855635.1&&758532_920_1_7_7657,TypeI-E
GCA_003860605.1&&1026799_338_1_3_7336,TypeII-C
GCA_003945285.1&&2081261_278_2_1_7604,TypeIII-A
GCA_003945365.1&&1194796_911_1_2_9871,TypeII-C
GCA_003950275.1&&1572376_866_2_2_7608,TypeII-C
GCA_003952325.1&&3384038_974_1_1_9005,TypeI-F
GCA_003955985.1&&2390885_314_2_1_9438,TypeI-E
GCA_003966675.1&&2275309_965_1_1_9746,TypeI-F
GCA_003966715.1&&2871958_305_2_1_4355,TypeI-G
GCA_003971585.1&&1502120_431_2_1_7586,TypeII-C
GCA_004006575.1&&1039777_917_1_7_4637,TypeI-E
GCA_004006595.1&&420535_866_1_2_4006,TypeII-A
GCA_004010855.1&&1057886_311_2_2_1104,TypeII-A
GCA_004010875.1&&1057068_311_2_2_4618,TypeII-A
GCA_004011055.1&&323792_1604_2_2_4744,TypeI-G
GCA_004015165.1&&897612_992_1_7_2318,TypeI-B
GCA_004015205.1&&2538301_332_2_1_2567,TypeII-C
GCA_004015305.1&&2538643_935_2_2_4099,TypeII-C
GCA_004063515.1&&1234811_905_2_3_6132,TypeII-A
GCA_004101585.1&&471114_905_1_2_11045,TypeII-A
GCA_004103695.1&&428665_992_1_7_9326,TypeI-B
GCA_004114735.1&&1577676_911_1_2_5604,TypeII-C
GCA_004114735.1&&21705_329_1_2_4176,TypeIII-A
GCA_004117055.1&&4776676_293_2_1_3253,TypeV-B
GCA_004117055.1&&4776979_1667_2_2_3253,TypeV-B
GCA_004117075.1&&1082310_263_1_1_5376,TypeIII-A
GCA_004135755.1&&14320436_296_1_6_9497,TypeI-A
GCA_004135895.1&&1515153_293_2_4_10284,TypeI-G
GCA_004135975.1&&1627944_1019_1_6_1784,TypeI-C
GCA_004153965.1&&1141854_311_2_2_11213,TypeII-A
GCA_004153965.1&&1142192_869_2_3_11213,TypeII-A
GCA_004154085.1&&1059195_869_2_3_8159,TypeII-A
GCA_004154205.1&&603811_1025_1_6_4241,TypeI-C
GCA_004154225.1&&1270290_293_2_1_7778,TypeI-C
GCA_004154305.1&&1059491_869_2_3_2894,TypeII-A
GCA_004193935.1&&857720_311_1_3_10899,TypeII-A
GCA_004295125.1&&1964859_1031_1_6_9881,TypeI-C
GCA_004307335.1&&875300_317_1_3_1878,TypeII-C
GCA_004319545.1&&2201117_191_2_2_4109,TypeIII-B
GCA_004328445.1&&4614177_977_1_1_3082,TypeI-F
GCA_004376055.2&&3216608_305_2_1_9454,TypeII-C
GCA_004519515.1&&363332_326_2_1_1126,TypeII-C
GCA_004768685.1&&1471966_278_2_1_6021,TypeI-B
GCA_004792595.1&&40502_980_1_5_4188,TypeI-F
GCA_004794845.2&&315142_875_1_2_5707,TypeII-C
GCA_004803735.1&&269058_992_1_7_5272,TypeI-B
GCA_004848145.1&&1010332_920_1_7_8263,TypeI-E
GCA_004924375.1&&698048_284_1_7_4698,TypeI-B
GCA_004930695.2&&28166_431_1_3_9074,TypeII-C
GCA_005083985.2&&1329928_260_2_1_1186,TypeIII-B
GCA_005083985.2&&1330188_1991_2_2_1186,TypeIII-B
GCA_005102005.2&&262563_890_2_2_7830,TypeII-C
GCA_005102505.2&&823762_431_1_3_11391,TypeII-C
GCA_005154325.1&&2373404_974_2_6_2302,TypeI-F
GCA_005154485.1&&659633_329_1_3_220,TypeII-A
GCA_005164585.1&&801457_311_1_3_7848,TypeII-A
GCA_005164885.1&&1206071_293_2_1_6623,TypeI-C
GCA_005165045.1&&774506_869_1_2_5107,TypeII-A
GCA_005222165.1&&2521050_1025_1_6_848,TypeI-C
GCA_005222565.1&&3147862_1652_1_1_3159,TypeI-A
GCA_005222565.1&&3149514_284_1_2_3159,TypeI-A
GCA_005222585.1&&1117169_284_2_6_341,TypeI-A
GCA_005222625.1&&978947_284_2_6_7564,TypeI-A
GCA_005222625.1&&979231_1652_2_7_7564,TypeI-A
GCA_005519465.1&&4547386_257_2_1_8207,TypeI-B
GCA_005601135.1&&2107759_275_1_2_9283,TypeV-A
GCA_005688995.2&&1003328_917_1_7_8560,TypeI-E
GCA_005696855.1&&2954061_284_2_1_10403,TypeI-G
GCA_005843885.1&&3940577_983_1_1_9204,TypeI-F
GCA_005843985.1&&2174_845_2_9_7365,TypeIII-A
GCA_005860785.2&&2108034_980_1_6_1985,TypeI-B
GCA_005860785.2&&2109027_257_1_7_1985,TypeI-B
GCA_005978105.2&&4094704_293_1_8_11252,TypeI-E
GCA_006228545.1&&280085_1034_1_6_7838,TypeI-C
GCA_006274605.1&&1580408_953_1_3_555,TypeIII-B
GCA_006274605.1&&1581358_266_1_4_555,TypeIII-B
GCA_006274605.1&&855259_986_1_6_573,TypeI-B
GCA_006274605.1&&856950_257_2_8_573,TypeI-B
GCA_006385735.2&&61106_332_2_7_6460,TypeIII-B
GCA_006461415.2&&969861_293_1_8_2699,TypeI-E
GCA_006517775.1&&397178_872_2_3_10162,TypeII-A
GCA_006716245.1&&907279_341_1_3_7492,TypeII-A
GCA_006742785.1&&1469875_878_2_2_6269,TypeI-E
GCA_006770305.1&&538672_872_1_2_8359,TypeII-A
GCA_006770685.1&&444522_905_1_2_5128,TypeII-A
GCA_006843645.1&&475786_947_2_6_6452,TypeI-F
GCA_007005445.1&&1670844_1034_2_2_10598,TypeI-C
GCA_007040405.2&&953247_293_1_8_354,TypeI-E
GCA_007182895.1&&923798_290_2_1_7661,TypeI-C
GCA_007559085.1&&2954736_974_2_6_8841,TypeI-F
GCA_007635275.2&&984202_920_1_7_1766,TypeI-E
GCA_007741475.1&&3478759_290_1_7_7840,TypeI-C
GCA_007741475.1&&99133_1796_2_1_4341,TypeI-G
GCA_007744515.1&&513385_1730_2_2_9147,TypeI-G
GCA_007747795.1&&5297738_293_2_1_10527,TypeI-G
GCA_007748015.1&&243173_293_1_5_1130,TypeI-G
GCA_007751945.1&&5420538_290_1_7_4964,TypeI-C
GCA_007751945.1&&6881025_1820_1_5_6850,TypeI-G
GCA_007752755.1&&269618_290_2_2_8951,TypeI-G
GCA_007858415.1&&426622_290_1_7_7456,TypeI-C
GCA_007858975.2&&3977529_293_2_1_4805,TypeI-E
GCA_007963885.1&&1613190_293_2_1_7290,TypeI-C
GCA_007973825.1&&1501146_293_2_1_10013,TypeI-C
GCA_007980145.1&&1754625_293_1_6_8705,TypeI-C
GCA_007980645.1&&1734338_293_2_1_1962,TypeI-C
GCA_007990505.1&&939956_278_1_7_3571,TypeI-B
GCA_007990525.1&&1369330_1007_1_8_10353,TypeIII-A
GCA_008027975.1&&1041499_923_1_7_8216,TypeI-E
GCA_008041995.1&&1454963_293_2_4_4571,TypeI-G
GCA_008065095.1&&5868413_299_2_1_7807,TypeI-A
GCA_008065095.1&&5868722_1661_2_2_7807,TypeI-A
GCA_008124205.1&&1008810_284_1_8_883,TypeI-E
GCA_008124425.1&&1844689_284_2_1_9158,TypeI-E
GCA_008326385.1&&374628_278_2_1_2538,TypeIII-D
GCA_008326425.1&&2055500_947_2_1_4590,TypeI-A
GCA_008326425.1&&2059559_284_1_2_4590,TypeI-A
GCA_008326425.1&&520551_950_1_2_3872,TypeI-B
GCA_008329845.1&&2301879_905_2_3_8136,TypeII-A
GCA_008329925.1&&2052717_1004_2_6_4663,TypeI-F
GCA_008330805.1&&83794_914_2_2_4108,TypeII-C
GCA_008375315.1&&241524_2642_1_5_6543,TypeIII-D
GCA_008386235.1&&474831_293_2_6_514,TypeI-A
GCA_008386235.1&&475128_1658_2_7_514,TypeI-A
GCA_008386415.1&&1110354_923_1_7_726,TypeI-E
GCA_008619595.1&&1959064_305_2_8_10350,TypeIII-A
GCA_008630935.1&&1425197_965_2_2_5994,TypeI-B
GCA_008693585.1&&813787_341_2_2_7638,TypeII-A
GCA_008693845.1&&1976889_980_2_2_6774,TypeI-F
GCA_008728815.1&&752534_905_2_9_6522,TypeIII-A
GCA_008807435.1&&2594486_866_2_3_597,TypeII-A
GCA_008807555.1&&304725_998_1_7_1452,TypeI-B
GCA_008934795.1&&332357_305_2_8_7330,TypeIII-A
GCA_008934795.1&&332662_905_2_9_7330,TypeIII-A
GCA_008995395.1&&107810_1601_2_2_10230,TypeI-G
GCA_009177095.1&&793788_296_2_1_3446,TypeI-A
GCA_009295925.1&&1878464_980_1_1_3983,TypeI-F
GCA_009295945.1&&1630545_980_1_1_5524,TypeI-F
GCA_009496975.1&&860764_905_2_3_6476,TypeII-A
GCA_009497875.2&&1612923_284_1_7_1723,TypeIII-B
GCA_009498015.1&&2510017_1001_1_7_7964,TypeI-D
GCA_009498015.1&&2511080_272_1_8_7964,TypeI-D
GCA_009533475.2&&3559210_293_2_1_3556,TypeI-E
GCA_009601705.1&&1006773_902_2_9_11167,TypeI-A
GCA_009601745.1&&1150560_920_1_7_5308,TypeI-E
GCA_009646155.1&&367282_980_1_5_8209,TypeI-F
GCA_009648495.1&&2054830_284_1_8_2101,TypeI-E
GCA_009649035.1&&1113869_890_2_2_2424,TypeII-C
GCA_009650295.1&&2061513_869_1_2_7644,TypeII-A
GCA_009650295.1&&2062409_311_1_3_7644,TypeII-A
GCA_009664345.1&&3689128_293_1_6_4336,TypeI-G
GCA_009676645.1&&562011_1025_1_6_6307,TypeI-C
GCA_009688985.1&&3013966_1016_2_7_11473,TypeI-B
GCA_009688985.1&&513458_1013_2_1_1220,TypeIII-B
GCA_009689005.1&&441817_1013_2_1_5363,TypeIII-D
GCA_009689005.1&&442830_356_2_2_5363,TypeIII-D
GCA_009729055.1&&2629556_914_1_2_8870,TypeI-A
GCA_009730335.1&&1905402_281_2_4_1703,TypeIII-D
GCA_009734205.1&&177363_281_1_8_7565,TypeI-E
GCA_009734445.1&&1218217_992_2_8_9352,TypeIII-D
GCA_009738105.1&&1988369_344_1_3_661,TypeII-A
GCA_009738205.1&&488719_329_1_3_2067,TypeII-A
GCA_009738535.1&&399379_950_1_6_1110,TypeI-E
GCA_009738535.1&&400350_851_1_7_1110,TypeI-E
GCA_009792235.1&&2123135_2081_2_2_11299,TypeIII-B
GCA_009834925.2&&3007234_305_2_1_9862,TypeII-C
GCA_009856605.1&&160410_1001_1_7_8317,TypeI-D
GCA_009856605.1&&161473_272_1_8_8317,TypeI-D
GCA_009867135.1&&2081656_974_1_1_1759,TypeI-F
GCA_009884055.1&&1121401_284_2_6_9963,TypeI-A
GCA_009884075.1&&1121287_284_2_6_928,TypeI-A
GCA_009884095.1&&1120632_284_2_6_3670,TypeI-A
GCA_009884095.1&&1120916_1652_2_7_3670,TypeI-A
GCA_009884115.1&&1110998_284_2_6_8633,TypeI-A
GCA_009884115.1&&1111282_1652_2_7_8633,TypeI-A
GCA_009884135.1&&1110629_284_2_6_375,TypeI-A
GCA_009884135.1&&1110913_1652_2_7_375,TypeI-A
GCA_009884195.1&&1111608_284_2_6_7792,TypeI-A
GCA_009884195.1&&1111892_1652_2_7_7792,TypeI-A
GCA_009884255.1&&1121073_284_2_6_588,TypeI-A
GCA_009914195.1&&2358110_1031_2_2_362,TypeI-C
GCA_009914355.1&&1369259_968_2_7_6589,TypeIII-D
GCA_009914495.1&&4038079_1652_2_2_2603,TypeI-G
GCA_009914515.1&&3952511_287_2_1_2386,TypeI-G
GCA_009914515.1&&3952805_1652_2_2_2386,TypeI-G
GCA_009914535.1&&127892_284_2_1_2187,TypeIII-D
GCA_009914535.1&&128167_1874_2_2_2187,TypeIII-D
GCA_009930875.1&&2170977_290_2_1_8876,TypeI-G
GCA_009931555.1&&646170_980_1_1_3876,TypeI-F
GCA_009931635.1&&2010825_905_2_2_10186,TypeII-C
GCA_010230725.1&&2678082_290_2_1_1992,TypeI-C
GCA_010669085.1&&1599411_263_2_8_6699,TypeIII-B
GCA_010669105.1&&2930626_977_2_6_7227,TypeI-F
GCA_010804465.2&&3788133_917_2_2_1740,TypeI-E
GCA_010978155.1&&1134301_284_2_6_1366,TypeI-A
GCA_010993865.2&&800903_869_1_2_6797,TypeII-A
GCA_011006175.1&&323113_884_1_9_4924,TypeIII-B
GCA_011038705.2&&3392075_2270_1_5_3237,TypeIII-B
GCA_011040495.1&&1351670_305_1_3_4723,TypeII-C
GCA_011045515.1&&1796328_998_1_6_9177,TypeI-B
GCA_011303155.1&&3394570_920_2_2_8409,TypeI-E
GCA_011387195.1&&117902_308_2_2_4004,TypeII-C
GCA_011404955.1&&3378344_290_2_1_6131,TypeI-C
GCA_011742415.2&&133839_287_1_8_6484,TypeI-E
GCA_011769525.1&&2824817_2006_1_2_5976,TypeIII-B
GCA_011769525.1&&2829033_1043_1_3_5976,TypeIII-B
GCA_011769525.1&&2830079_278_1_4_5976,TypeIII-B
GCA_011801285.1&&857507_1004_1_1_2908,TypeIII-A
GCA_012050205.1&&957403_293_1_8_77,TypeI-E
GCA_012053325.1&&1095692_917_1_7_4892,TypeI-E
GCA_012222305.1&&142222_911_1_2_7016,TypeI-A
GCA_012222305.1&&143135_275_1_3_7016,TypeI-A
GCA_012222305.1&&203223_902_1_2_8288,TypeI-D
GCA_012222485.1&&490118_1025_1_6_1468,TypeI-C
GCA_012224145.1&&1299271_293_2_2_893,TypeII-B
GCA_012224145.1&&1300075_956_2_3_893,TypeII-B
GCA_012295525.1&&1042742_977_1_7_3290,TypeI-D
GCA_012295525.1&&1043716_293_1_8_3290,TypeI-D
GCA_012295525.1&&3599618_995_1_5_8865,TypeIII-B
GCA_012295525.1&&3600613_281_1_6_8865,TypeIII-B
GCA_012295575.1&&431648_1022_1_6_3347,TypeI-C
GCA_012516315.1&&1728121_284_1_6_4277,TypeIII-D
GCA_012594215.1&&557509_866_1_2_7399,TypeII-A
GCA_012769535.1&&1051650_977_2_6_2777,TypeI-F
GCA_012769535.1&&2376668_317_1_7_5829,TypeIII-A
GCA_012880295.2&&3953751_923_2_2_6412,TypeI-E
GCA_012897595.1&&1458388_431_2_1_9793,TypeII-C
GCA_012923725.1&&517406_431_2_1_9955,TypeII-C
GCA_012934495.1&&3676139_293_2_1_8831,TypeI-E
GCA_012955465.1&&3430591_983_2_6_5229,TypeI-F
GCA_012971545.1&&1065324_293_1_8_8066,TypeI-E
GCA_012974865.1&&3553799_914_1_2_11058,TypeII-C
GCA_013000965.1&&79728_293_1_8_4000,TypeI-E
GCA_013010255.1&&4625261_1022_2_2_372,TypeI-C
GCA_013085205.1&&3527301_983_1_1_1343,TypeI-F
GCA_013128195.2&&6443290_284_2_4_5700,TypeI-G
GCA_013161625.1&&1418376_917_2_2_6274,TypeI-E
GCA_013162305.1&&3851346_920_1_7_6930,TypeI-E
GCA_013168015.1&&1176769_293_1_8_6805,TypeI-E
GCA_013177315.1&&3679920_275_2_1_10416,TypeIII-D
GCA_013177315.1&&3680270_2267_2_2_10416,TypeIII-D
GCA_013181395.2&&1881440_278_1_3_6740,TypeIII-D
GCA_013181395.2&&1881718_275_1_4_6740,TypeIII-D
GCA_013201115.1&&1666465_974_1_1_3675,TypeI-F
GCA_013201255.1&&3981802_293_1_8_7444,TypeI-E
GCA_013201685.1&&58940_2198_1_5_10420,TypeIII-D
GCA_013201685.1&&61141_272_1_6_10420,TypeIII-D
GCA_013267695.1&&44896_866_2_3_6207,TypeII-A
GCA_013282685.1&&501597_341_2_2_4228,TypeII-A
GCA_013284375.2&&1081225_1667_1_2_3222,TypeV-B
GCA_013284375.2&&1082895_293_1_3_3222,TypeV-B
GCA_013285265.2&&125841_908_1_1_9515,TypeIII-A
GCA_013285445.1&&596990_368_2_1_7425,TypeIII-B
GCA_013285485.1&&1656598_290_1_7_4027,TypeI-C
GCA_013307185.1&&893489_329_1_2_1789,TypeIII-A
GCA_013343175.2&&2235775_347_2_1_1953,TypeII-C
GCA_013343175.2&&2236115_896_2_2_1953,TypeII-C
GCA_013343395.1&&4177461_974_1_1_7754,TypeI-F
GCA_013376775.1&&2623518_974_1_1_9319,TypeI-F
GCA_013376895.1&&2998223_923_2_2_9980,TypeI-E
GCA_013377195.1&&1303849_281_1_6_4828,TypeIII-A
GCA_013377195.1&&1305231_272_1_8_4828,TypeIII-A
GCA_013377995.1&&454628_284_1_7_4870,TypeIII-A
GCA_013393945.1&&3883922_272_2_1_11365,TypeI-D
GCA_013393945.1&&3884224_1001_2_2_11365,TypeI-D
GCA_013401555.1&&7425556_1031_2_2_6268,TypeI-C
GCA_013415825.1&&3365892_977_2_6_1873,TypeI-F
GCA_013416015.1&&918325_269_2_2_5167,TypeII-B
GCA_013416015.1&&918595_959_2_3_5167,TypeII-B
GCA_013426755.1&&415455_329_1_3_8009,TypeII-C
GCA_013693755.1&&552118_284_2_2_663,TypeIII-D
GCA_013693755.1&&552399_2117_2_3_663,TypeIII-D
GCA_013693915.1&&2207820_314_2_5_2876,TypeIII-A
GCA_013727075.1&&1028634_293_1_8_4554,TypeI-E
GCA_013741855.1&&3961244_293_1_8_2931,TypeI-E
GCA_013747755.1&&1104399_923_1_7_10200,TypeI-E
GCA_013751495.1&&1035863_293_1_8_7545,TypeI-E
GCA_013797825.1&&3916312_293_1_8_6801,TypeI-E
GCA_013812425.1&&1071306_293_1_8_6056,TypeI-E
GCA_013823705.1&&1024252_293_1_8_4215,TypeI-E
GCA_013835205.1&&1090086_920_1_7_9841,TypeI-E
GCA_013900265.1&&1203620_920_1_7_5757,TypeI-E
GCA_014058425.1&&1601123_908_2_3_5722,TypeII-C
GCA_014123345.1&&2322763_875_1_7_4585,TypeI-E
GCA_014168635.1&&1390360_977_2_6_563,TypeI-F
GCA_014169955.1&&3271109_374_2_1_1739,TypeII-C
GCA_014170695.1&&3641491_293_2_1_3755,TypeI-E
GCA_014191835.1&&1057950_311_2_2_7358,TypeII-A
GCA_014217765.1&&3250025_302_2_1_2480,TypeI-G
GCA_014250495.1&&1883411_314_1_2_10282,TypeIII-B
GCA_014250495.1&&3907932_284_2_1_11554,TypeIII-D
GCA_014287515.2&&2955942_260_2_6_7755,TypeIII-D
GCA_014287515.2&&2956561_1907_2_7_7755,TypeIII-D
GCA_014304695.1&&2602908_341_2_2_3374,TypeII-A
GCA_014304755.1&&2662749_341_2_2_1140,TypeII-A
GCA_014467075.1&&2632755_290_2_8_4243,TypeIII-B
GCA_014467075.1&&2633046_998_2_9_4243,TypeIII-B
GCA_014467075.1&&369491_992_1_7_11477,TypeI-B
GCA_014467095.1&&786476_335_1_1_1260,TypeIII-A
GCA_014489415.1&&1792910_992_2_7_6558,TypeIII-B
GCA_014489575.1&&2287067_284_1_2_6963,TypeIII-D
GCA_014489865.2&&1558819_974_1_4_9606,TypeIII-D
GCA_014489865.2&&1559844_284_1_5_9606,TypeIII-D
GCA_014489865.2&&3346652_314_2_6_1705,TypeIII-B
GCA_014489865.2&&3348183_1964_1_7_1705,TypeIII-B
GCA_014622665.1&&3411226_287_2_1_1191,TypeIII-D
GCA_014622985.1&&3490594_917_2_2_8987,TypeI-E
GCA_014672695.1&&1484299_296_1_6_4159,TypeI-G
GCA_014672835.1&&1593980_305_1_3_6002,TypeII-C
GCA_014697095.1&&675723_1004_2_6_3457,TypeI-F
GCA_014701195.1&&123924_287_1_8_5492,TypeI-B
GCA_014701195.1&&806892_263_2_8_10104,TypeIII-B
GCA_014701235.1&&1494069_290_2_3_4788,TypeIII-B
GCA_014701235.1&&1497220_290_2_4_4788,TypeIII-B
GCA_014701235.1&&1722300_980_2_2_4346,TypeI-B
GCA_014725735.1&&2421610_293_1_6_757,TypeI-G
GCA_014764405.1&&2619938_302_2_1_1997,TypeI-G
GCA_014789345.1&&187743_992_1_2_7523,TypeII-B
GCA_014789345.1&&188742_299_1_3_7523,TypeII-B
GCA_014826095.1&&47765_347_1_8_3531,TypeI-E
GCA_014858815.1&&1134315_284_2_6_2012,TypeI-A
GCA_014874575.1&&105116_965_1_1_8035,TypeI-F
GCA_014876775.1&&1547228_281_2_8_6054,TypeIII-D
GCA_014876775.1&&1547509_962_2_9_6054,TypeIII-D
GCA_014905115.1&&16039_332_1_3_2427,TypeII-C
GCA_014931715.1&&1044315_308_1_3_6243,TypeII-C
GCA_014961315.1&&2206873_512_1_7_6468,TypeIII-A
GCA_015097055.1&&1966191_299_2_1_940,TypeI-C
GCA_015159595.1&&597972_290_1_6_8588,TypeI-C
GCA_015169195.1&&574044_902_2_2_1433,TypeII-C
GCA_015180985.1&&1502134_329_2_1_7464,TypeII-C
GCA_015200025.1&&2278232_1631_1_5_10736,TypeI-G
GCA_015200025.1&&2279868_290_1_6_10736,TypeI-G
GCA_015200565.1&&743634_275_2_1_7297,TypeIII-D
GCA_015238635.1&&760916_266_1_8_7233,TypeI-B
GCA_015245355.1&&1321104_293_2_1_2997,TypeI-D
GCA_015245355.1&&1321394_977_2_2_2997,TypeI-D
GCA_015245355.1&&2263125_992_1_6_5052,TypeIII-B
GCA_015326725.1&&3496660_1010_1_6_1076,TypeI-B
GCA_015377505.1&&1515249_1607_2_5_4011,TypeI-G
GCA_015500095.1&&3366371_998_2_2_1428,TypeIII-B
GCA_015534815.1&&1050276_917_1_7_3836,TypeI-E
GCA_015655285.1&&2865161_293_2_1_3481,TypeI-B
GCA_015689375.1&&1533221_293_2_1_9719,TypeI-C
GCA_015689475.1&&3912793_1034_1_6_4394,TypeI-C
GCA_015697765.1&&1181621_293_1_8_10134,TypeI-E
GCA_015709595.1&&2320761_290_2_2_2574,TypeV-B
GCA_015709595.1&&2321056_1796_2_3_2574,TypeV-B
GCA_015709695.1&&244876_1727_1_5_10051,TypeI-G
GCA_015767775.1&&4674797_257_2_1_4378,TypeI-B
GCA_015767875.1&&4678693_980_2_2_5013,TypeI-B
GCA_015775755.1&&8644713_299_2_1_539,TypeI-C
GCA_016026755.1&&1314337_1010_1_6_6085,TypeI-B
GCA_016026755.1&&1315325_263_1_7_6085,TypeI-B
GCA_016028735.1&&2707633_968_1_1_5044,TypeI-F
GCA_016105505.1&&3341240_974_2_6_4588,TypeI-F
GCA_016117655.1&&2645244_278_2_1_10410,TypeV-A
GCA_016117655.1&&2645590_1001_2_2_10410,TypeV-A
GCA_016126835.1&&1065889_311_2_2_10517,TypeII-A
GCA_016127815.1&&1371669_305_2_2_10354,TypeII-A
GCA_016128055.1&&1629715_305_2_2_11068,TypeII-A
GCA_016128095.1&&1565452_341_2_2_7990,TypeII-A
GCA_016250455.1&&1458509_938_1_5_336,TypeI-F
GCA_016452085.1&&3719483_917_2_2_1631,TypeI-E
GCA_016454565.1&&783818_293_2_1_5775,TypeI-E
GCA_016593235.1&&1304067_2135_1_7_11029,TypeIII-A
GCA_016598915.1&&679071_875_1_2_3437,TypeII-C
GCA_016629505.1&&3184743_1712_1_5_6042,TypeI-G
GCA_016629505.1&&3186458_290_1_6_6042,TypeI-G
GCA_016638705.1&&2451427_1031_1_6_5543,TypeI-C
GCA_016658865.1&&777435_329_1_2_11176,TypeIII-A
GCA_016696765.1&&296809_290_2_2_5283,TypeII-B
GCA_016696765.1&&297107_1007_2_3_5283,TypeII-B
GCA_016696785.1&&4151000_290_1_7_1033,TypeI-C
GCA_016697045.1&&1884848_908_1_2_8814,TypeII-A
GCA_016697045.1&&1885734_305_1_3_8814,TypeII-A
GCA_016697425.1&&1160846_1019_2_2_1364,TypeI-C
GCA_016699385.1&&495267_281_2_1_10767,TypeV-A
GCA_016699385.1&&495554_971_2_2_10767,TypeV-A
GCA_016699695.1&&2928049_896_1_2_5202,TypeII-C
GCA_016699755.1&&1294561_278_2_1_6842,TypeV-A
GCA_016699755.1&&1294848_956_2_2_6842,TypeV-A
GCA_016700195.1&&1468887_296_1_6_8382,TypeI-G
GCA_016724805.1&&1840669_1013_1_2_11153,TypeII-B
GCA_016724805.1&&1841695_296_1_3_11153,TypeII-B
GCA_016727265.1&&1854280_344_2_2_3715,TypeII-A
GCA_016727365.1&&815765_1601_1_4_7226,TypeI-G
GCA_016745215.1&&3039399_1040_2_2_10301,TypeI-C
GCA_016745315.1&&3552252_284_2_1_612,TypeIII-D
GCA_016766735.1&&256152_1598_2_2_9546,TypeI-G
GCA_016767015.1&&3493746_998_1_6_747,TypeI-B
GCA_016767135.1&&455031_998_2_2_8947,TypeI-B
GCA_016804085.1&&1324276_896_1_2_9960,TypeII-C
GCA_016811895.1&&2872214_917_2_2_8930,TypeI-E
GCA_016835015.1&&1119638_923_1_7_1356,TypeI-E
GCA_016856185.1&&142131_905_1_1_652,TypeIII-A
GCA_016861545.1&&3038372_299_2_1_1168,TypeI-G
GCA_016864995.1&&4386305_293_2_1_5562,TypeI-E
GCA_016865255.1&&1184351_1721_1_5_73,TypeI-G
GCA_016889285.1&&260450_1607_2_2_1061,TypeI-G
GCA_016889785.1&&2409023_1601_1_4_3611,TypeI-G
GCA_016889785.1&&2410621_299_1_5_3611,TypeI-G
GCA_016917355.1&&2655229_1043_2_1_9217,TypeI-F
GCA_016919425.1&&1599314_974_2_6_2478,TypeI-F
GCA_016919545.1&&2804695_374_2_1_1055,TypeII-C
GCA_016925635.1&&3970802_986_1_6_2259,TypeI-B
GCA_016944435.1&&431389_980_1_1_6356,TypeI-F
GCA_016944775.1&&3575346_923_2_2_10177,TypeI-E
GCA_017086385.1&&1053103_1658_1_1_712,TypeI-A
GCA_017094445.1&&1045110_1004_1_7_7008,TypeI-D
GCA_017094445.1&&1046117_272_1_8_7008,TypeI-D
GCA_017164755.1&&1114871_293_1_8_3055,TypeI-E
GCA_017301635.1&&7198742_1646_1_2_1981,TypeI-A
GCA_017301635.1&&7200392_293_1_3_1981,TypeI-A
GCA_017310505.1&&583443_386_1_7_4303,TypeIII-B
GCA_017346855.1&&2727335_281_1_2_9584,TypeIII-B
GCA_017347605.1&&1091298_1004_2_2_9697,TypeI-B
GCA_017352075.1&&1884295_293_2_1_7648,TypeI-E
GCA_017356785.1&&1479412_431_2_1_5139,TypeII-C
GCA_017358165.1&&939397_986_2_8_11438,TypeIII-A
GCA_017360005.1&&911334_1004_1_1_1670,TypeIII-A
GCA_017360305.1&&914454_329_1_2_182,TypeIII-A
GCA_017377355.1&&2764870_287_1_7_7627,TypeIII-B
GCA_017377355.1&&2768174_998_1_8_7627,TypeIII-B
GCA_017377395.1&&6512778_1748_2_12_10041,TypeIII-A
GCA_017377395.1&&7841942_296_2_1_1742,TypeI-B
GCA_017498545.1&&227662_290_1_6_398,TypeI-B
GCA_017603605.1&&2132893_911_2_2_10432,TypeII-C
GCA_017639855.1&&1007302_260_1_7_1696,TypeIII-B
GCA_017639855.1&&439875_344_1_3_10728,TypeII-A
GCA_017654315.1&&4842335_1655_2_2_3012,TypeI-G
GCA_017655705.1&&640824_869_2_3_7791,TypeII-A
GCA_017655725.1&&652003_317_1_3_9649,TypeII-A
GCA_017655885.1&&764412_869_1_2_4700,TypeII-A
GCA_017743095.1&&2306711_287_1_8_5573,TypeI-E
GCA_017743195.1&&889655_1589_1_4_3625,TypeI-G
GCA_017743195.1&&891256_296_1_5_3625,TypeI-G
GCA_017743215.1&&1766780_296_1_5_3651,TypeI-G
GCA_017743235.1&&1707384_1031_2_1_6185,TypeI-C
GCA_017753665.1&&1097111_1013_2_2_675,TypeI-C
GCA_017798145.1&&3621638_290_2_1_8828,TypeV-B
GCA_017798145.1&&3621971_1637_2_2_8828,TypeV-B
GCA_017896405.1&&666260_299_1_7_2485,TypeI-B
GCA_017901035.1&&3145478_1016_2_2_4195,TypeIII-A
GCA_017901095.1&&3172072_341_2_1_578,TypeIII-A
GCA_017901135.1&&2578064_290_1_6_4077,TypeIII-D
GCA_017901135.1&&2578472_956_1_7_4077,TypeIII-D
GCA_017909015.1&&2883280_308_1_3_154,TypeII-C
GCA_017909135.1&&3066204_902_1_2_2352,TypeII-C
GCA_018069705.1&&2825752_881_1_8_10069,TypeIII-A
GCA_018127785.1&&337308_470_2_1_1678,TypeIII-A
GCA_018128245.1&&959265_992_1_2_1311,TypeI-B
GCA_018128345.1&&637257_290_2_1_8253,TypeI-G
GCA_018128345.1&&637544_1676_2_2_8253,TypeI-G
GCA_018128365.1&&502611_1664_1_5_8715,TypeI-G
GCA_018128365.1&&504279_284_1_6_8715,TypeI-G
GCA_018135955.1&&1003540_293_2_2_7782,TypeII-B
GCA_018135955.1&&1004301_956_2_3_7782,TypeII-B
GCA_018141565.1&&6452441_974_2_6_4224,TypeI-F
GCA_018228685.1&&120677_1031_2_2_9224,TypeI-C
GCA_018282115.1&&1037937_293_1_7_1632,TypeI-A
GCA_018292145.1&&2058042_290_2_1_8176,TypeI-C
GCA_018292185.1&&1564972_290_1_6_9501,TypeIII-B
GCA_018292185.1&&3604961_305_2_1_3811,TypeII-C
GCA_018295965.1&&3600229_989_1_1_1067,TypeIII-B
GCA_018295985.1&&3600229_989_1_1_5794,TypeIII-B
GCA_018336595.1&&1186939_269_2_1_5667,TypeV-A
GCA_018336595.1&&1187216_965_2_2_5667,TypeV-A
GCA_018338455.1&&941763_920_1_7_7030,TypeI-E
GCA_018340115.1&&990279_293_1_8_3761,TypeI-E
GCA_018361145.1&&1678221_293_2_1_21,TypeI-C
GCA_018361145.1&&4032867_1001_2_6_7283,TypeI-F
GCA_018361245.1&&4032867_1001_2_6_9153,TypeI-F
GCA_018394415.1&&718983_293_1_8_9492,TypeI-E
GCA_018398915.1&&2899456_263_1_6_604,TypeIII-A
GCA_018398915.1&&304526_926_2_2_3087,TypeI-E
GCA_018398935.1&&3574465_1781_1_5_4229,TypeI-G
GCA_018409365.1&&2896167_974_2_6_3217,TypeI-F
GCA_018409545.1&&3165827_434_2_2_690,TypeIII-D
GCA_018448985.1&&4525544_299_2_1_9656,TypeI-E
GCA_018502485.1&&990513_287_2_1_7594,TypeIII-D
GCA_018502485.1&&990797_995_2_2_7594,TypeIII-D
GCA_018603455.1&&3219946_266_2_1_5751,TypeI-B
GCA_018603455.1&&3220215_980_2_2_5751,TypeI-B
GCA_018628895.1&&1678222_293_2_1_1797,TypeI-C
GCA_018734325.1&&735634_974_2_2_8519,TypeIII-A
GCA_018734325.1&&981350_896_2_5_4661,TypeI-F
GCA_018771565.1&&1279104_995_1_8_10159,TypeI-B
GCA_018847575.1&&2555226_1019_2_2_9244,TypeI-C
GCA_018861235.1&&2773997_956_2_6_10652,TypeI-F
GCA_018885105.1&&3307389_266_2_1_1050,TypeI-B
GCA_018986735.1&&2255610_299_2_1_3934,TypeI-G
GCA_018986735.1&&2255909_1607_2_2_3934,TypeI-G
GCA_019038085.1&&1888187_275_1_4_6841,TypeIII-D
GCA_019038105.1&&1965711_2129_1_2_1176,TypeIII-D
GCA_019038105.1&&1968139_275_1_4_1176,TypeIII-D
GCA_019090985.1&&2117264_980_1_1_3280,TypeI-F
GCA_019134555.1&&1364709_374_2_4_7153,TypeIII-D
GCA_019134555.1&&1365112_1067_2_5_7153,TypeIII-D
GCA_019175305.1&&1481402_902_1_9_8289,TypeIII-D
GCA_019175305.1&&1521881_914_1_2_9245,TypeI-A
GCA_019175305.1&&1522796_266_1_3_9245,TypeI-A
GCA_019175325.1&&1546462_899_2_5_2125,TypeI-D
GCA_019175325.1&&1567139_914_1_3_7678,TypeI-A
GCA_019175325.1&&1568054_266_1_4_7678,TypeI-A
GCA_019175345.1&&1546365_287_1_12_1574,TypeI-A
GCA_019203965.1&&1948516_284_1_4_8439,TypeIII-A
GCA_019203965.1&&572190_1715_1_5_6076,TypeI-G
GCA_019263745.1&&2652890_1043_1_7_3663,TypeI-D
GCA_019263745.1&&2653939_269_1_8_3663,TypeI-D
GCA_019265005.1&&4730766_989_2_6_8749,TypeI-F
GCA_019285515.1&&3528914_974_2_2_4083,TypeIII-B
GCA_019285515.1&&3529896_284_2_3_4083,TypeIII-B
GCA_019316905.1&&230894_1679_1_4_1587,TypeI-G
GCA_019334725.1&&226674_914_1_2_2561,TypeII-C
GCA_019334765.1&&1460319_914_2_2_6393,TypeII-C
GCA_019342845.1&&875173_311_1_3_8895,TypeII-A
GCA_019342985.1&&882886_311_1_3_1179,TypeII-A
GCA_019434115.1&&4370631_974_2_6_4753,TypeI-F
GCA_019443985.1&&2108310_905_2_3_11085,TypeII-A
GCA_019448335.1&&2248164_263_2_1_7841,TypeIII-B
GCA_019450155.1&&1313237_329_2_2_998,TypeII-A
GCA_019454085.1&&2300576_1031_1_6_4292,TypeI-C
GCA_019454185.1&&149102_290_2_2_3791,TypeV-B
GCA_019454185.1&&149396_1787_2_3_3791,TypeV-B
GCA_019464535.1&&3952549_293_2_1_4119,TypeI-G
GCA_019551945.1&&1693103_284_2_2_1527,TypeIII-D
GCA_019551945.1&&1693365_1028_2_3_1527,TypeIII-D
GCA_019552045.1&&1372633_1007_1_8_7622,TypeIII-A
GCA_019552065.1&&1919135_284_1_7_10862,TypeIII-D
GCA_019552065.1&&1924268_1013_2_8_10862,TypeIII-D
GCA_019552085.1&&129890_1016_2_6_8873,TypeIII-D
GCA_019552085.1&&136592_284_1_8_8873,TypeIII-D
GCA_019576095.1&&1514757_1607_2_5_9255,TypeI-G
GCA_019603355.1&&536557_263_1_7_6955,TypeI-B
GCA_019670025.1&&1451748_272_2_1_2476,TypeIII-D
GCA_019670025.1&&1452020_2816_2_2_2476,TypeIII-D
GCA_019670265.1&&964439_920_1_7_3972,TypeI-E
GCA_019670645.1&&4392008_989_2_6_4685,TypeI-F
GCA_019693215.1&&1100883_1043_1_6_10545,TypeI-D
GCA_019693215.1&&1101923_278_1_7_10545,TypeI-D
GCA_019693215.1&&2416358_992_2_2_8133,TypeI-B
GCA_019703855.1&&1246959_1076_2_1_8083,TypeIII-D
GCA_019703855.1&&1249487_377_2_2_8083,TypeIII-D
GCA_019720755.1&&1631281_989_1_5_10040,TypeIII-D
GCA_019720755.1&&1633264_473_1_6_10040,TypeIII-D
GCA_019754215.1&&1452998_890_2_2_5595,TypeII-C
GCA_019774575.1&&154216_896_1_1_3111,TypeII-C
GCA_019797965.1&&1175559_269_2_1_477,TypeV-A
GCA_019797965.1&&1175836_965_2_2_477,TypeV-A
GCA_019856435.1&&1639729_293_2_1_2160,TypeI-C
GCA_019857245.1&&2905990_974_2_6_3754,TypeI-F
GCA_019857425.1&&3030474_974_2_6_6124,TypeI-F
GCA_019857645.1&&2940893_974_2_6_3383,TypeI-F
GCA_019900845.1&&1753655_1022_1_5_5985,TypeI-C
GCA_019903195.1&&2900803_953_1_5_7307,TypeI-F
GCA_019924095.1&&3326221_1670_2_2_4783,TypeI-A
GCA_019930605.1&&14691_470_2_1_1363,TypeIII-D
GCA_019930605.1&&16226_977_2_2_1363,TypeIII-D
GCA_019973735.1&&2831430_872_2_2_11190,TypeI-G
GCA_019974155.1&&917279_983_2_6_8775,TypeIII-C
GCA_019977735.1&&3132847_1664_2_2_3789,TypeI-A
GCA_019977735.1&&8100860_992_1_1_4324,TypeIII-B
GCA_019997445.1&&654475_875_1_2_10291,TypeII-C
GCA_019997945.1&&690680_317_1_3_6369,TypeII-C
GCA_020002285.1&&986761_293_1_8_9011,TypeI-E
GCA_020034535.1&&84452_305_1_2_6000,TypeIII-A
GCA_020042005.1&&1119810_308_1_2_7994,TypeII-A
GCA_020047155.1&&1710307_293_2_1_4586,TypeI-C
GCA_020080125.1&&2445416_875_1_7_3939,TypeI-E
GCA_020091585.1&&4652486_707_2_2_8344,TypeIII-B
GCA_020097015.1&&1878088_323_2_1_10021,TypeII-C
GCA_020097215.1&&831393_980_1_7_608,TypeI-B
GCA_020097255.1&&1598495_287_1_7_2287,TypeI-B
GCA_020099255.1&&2949400_983_2_6_6108,TypeI-F
GCA_020149935.1&&2081854_971_2_2_1890,TypeIII-D
GCA_020181575.1&&1399868_977_2_6_810,TypeI-F
GCA_020268605.1&&774905_956_1_1_2107,TypeI-F
GCA_020353555.1&&3991544_908_1_6_1474,TypeI-E
GCA_020386575.1&&1947029_848_2_3_9059,TypeIII-B
GCA_020386575.1&&3330009_992_1_1_7700,TypeIII-B
GCA_020386575.1&&3331016_281_1_2_7700,TypeIII-B
GCA_020410765.1&&810586_1034_1_6_11352,TypeI-C
GCA_020410885.1&&945959_2231_1_6_689,TypeIII-B
GCA_020412445.1&&243575_950_2_2_5639,TypeI-E
GCA_020510625.1&&2942990_1028_2_2_5817,TypeI-C
GCA_020520145.1&&1146441_275_2_6_7440,TypeIII-D
GCA_020520145.1&&1146716_980_2_7_7440,TypeIII-D
GCA_020683285.1&&3122450_1016_2_2_9645,TypeIII-A
GCA_020683365.1&&3122528_341_2_1_2016,TypeIII-A
GCA_020683385.1&&3121755_341_2_1_3827,TypeIII-A
GCA_020683825.1&&3121903_341_2_1_422,TypeIII-A
GCA_020683845.1&&3123234_1016_2_2_4729,TypeIII-A
GCA_020683865.1&&3122281_1016_2_2_1548,TypeIII-A
GCA_020683965.1&&3122247_1016_2_2_6361,TypeIII-A
GCA_020684025.1&&3122228_1016_2_2_6150,TypeIII-A
GCA_020684045.1&&3122748_1016_2_2_1641,TypeIII-A
GCA_020684105.1&&3122571_1016_2_2_10032,TypeIII-A
GCA_020684225.1&&3122813_1016_2_2_2683,TypeIII-A
GCA_020684245.1&&3122741_1016_2_2_3672,TypeIII-A
GCA_020684285.1&&3122145_341_2_1_6706,TypeIII-A
GCA_020684305.1&&3122652_1016_2_2_7021,TypeIII-A
GCA_020684325.1&&3122474_1016_2_2_10156,TypeIII-A
GCA_020684345.1&&3121886_341_2_1_6319,TypeIII-A
GCA_020684385.1&&3122566_1016_2_2_28,TypeIII-A
GCA_020684405.1&&3122547_1016_2_2_1018,TypeIII-A
GCA_020684425.1&&3122309_341_2_1_10334,TypeIII-A
GCA_020684445.1&&3122672_1016_2_2_222,TypeIII-A
GCA_020684505.1&&3122618_1016_2_2_9041,TypeIII-A
GCA_020684585.1&&3122306_341_2_1_19,TypeIII-A
GCA_020684605.1&&3122706_1016_2_2_1385,TypeIII-A
GCA_020684725.1&&3122260_341_2_1_481,TypeIII-A
GCA_020684785.1&&3121975_1016_2_2_2925,TypeIII-A
GCA_020693965.1&&2292428_875_1_2_8578,TypeII-C
GCA_020695485.1&&3692336_983_2_6_11077,TypeI-F
GCA_020714665.1&&1613314_980_2_2_2752,TypeI-F
GCA_020715485.1&&737535_293_2_1_3183,TypeI-E
GCA_020719705.1&&1453130_431_2_1_9382,TypeII-C
GCA_020720575.1&&1443053_890_2_2_1706,TypeII-C
GCA_020735605.1&&1768714_290_2_2_8030,TypeI-C
GCA_020735765.1&&134973_866_1_2_11218,TypeII-A
GCA_020771675.1&&2976638_974_2_6_5744,TypeI-F
GCA_020810595.1&&1599841_980_2_2_8938,TypeI-F
GCA_020826935.1&&880110_869_1_2_6100,TypeII-A
GCA_020826955.1&&766520_311_1_3_1258,TypeII-A
GCA_020844005.1&&642834_911_1_2_1988,TypeII-C
GCA_020861365.1&&3123267_341_2_1_4060,TypeIII-A
GCA_020865565.1&&1637979_980_1_1_1836,TypeI-F
GCA_020881835.1&&2182196_278_1_8_8885,TypeI-E
GCA_020885775.1&&526855_1022_2_2_10216,TypeI-C
GCA_020885855.1&&526856_1022_2_2_11151,TypeI-C
GCA_020886315.1&&1447513_899_2_6_10663,TypeI-A
GCA_021018745.1&&1414691_1670_1_5_8858,TypeI-A
GCA_021018745.1&&1416366_293_1_6_8858,TypeI-A
GCA_021018785.1&&1515027_293_2_4_7383,TypeI-G
GCA_021018785.1&&1515332_1607_2_5_7383,TypeI-G
GCA_021052705.1&&40447_329_1_3_4468,TypeII-C
GCA_021131975.1&&2564045_284_2_1_2144,TypeI-E
GCA_021133215.1&&1214729_284_1_8_10504,TypeI-E
GCA_021133275.1&&3233634_293_2_1_2276,TypeI-E
GCA_021166015.1&&1119728_923_1_7_10544,TypeI-E
GCA_021172085.1&&1224608_278_1_6_956,TypeIII-B
GCA_021249385.1&&3596842_992_2_6_5651,TypeI-F
GCA_021379005.1&&3347339_293_2_1_6009,TypeI-A
GCA_021379005.1&&3347641_1658_2_2_6009,TypeI-A
GCA_021389955.1&&4168880_1004_1_6_4781,TypeI-D
GCA_021389955.1&&4169889_260_1_7_4781,TypeI-D
GCA_021432185.1&&125585_890_1_2_6961,TypeII-A
GCA_021460195.1&&486360_293_1_7_11124,TypeI-C
GCA_021461495.1&&4096579_917_2_2_9588,TypeI-E
GCA_021474165.1&&1562906_980_2_2_3554,TypeI-F
GCA_021484885.1&&1726793_290_2_1_2580,TypeI-C
GCA_021545825.1&&3663749_1721_1_4_2749,TypeI-G
GCA_021559675.1&&116625_905_1_2_4676,TypeII-A
GCA_021560035.1&&2895475_893_2_2_4187,TypeII-C
GCA_021560635.1&&543825_290_2_1_3381,TypeI-G
GCA_021560655.1&&3648223_1721_1_4_1591,TypeI-G
GCA_021560655.1&&3649970_290_1_5_1591,TypeI-G
GCA_021582655.1&&1124823_317_1_3_4817,TypeIII-A
GCA_021614795.1&&142640_881_2_2_3850,TypeIII-A
GCA_021614795.1&&4691946_1001_1_1_11339,TypeI-F
GCA_021650815.1&&63566_281_1_4_6357,TypeIII-B
GCA_021650915.1&&950852_284_2_3_5834,TypeIII-B
GCA_021654415.1&&1617429_956_2_2_1248,TypeI-B
GCA_021654415.1&&2403245_290_2_5_6907,TypeI-D
GCA_021654415.1&&2405033_887_1_6_6907,TypeI-D
GCA_021654435.1&&783765_914_1_2_8383,TypeII-C
GCA_021654435.1&&784691_308_1_3_8383,TypeII-C
GCA_021654795.1&&1851278_290_1_7_1975,TypeI-C
GCA_021655615.1&&1528089_896_1_9_11180,TypeI-A
GCA_021655615.1&&1528987_284_1_10_11180,TypeI-A
GCA_021655615.1&&353291_896_1_2_1646,TypeI-D
GCA_021869565.1&&4106439_293_1_8_4901,TypeI-E
GCA_021899715.1&&3159127_947_1_1_306,TypeI-F
GCA_021957105.1&&239250_956_2_2_4983,TypeI-F
GCA_022029015.1&&3033122_287_2_1_8788,TypeI-E
GCA_022063185.1&&1212565_278_2_1_2679,TypeIII-B
GCA_022184905.1&&3220966_293_2_1_547,TypeI-D
GCA_022184905.1&&3221256_977_2_2_547,TypeI-D
GCA_022220465.1&&1374529_956_1_6_8242,TypeI-E
GCA_022220705.1&&821595_980_2_6_10969,TypeI-F
GCA_022354285.1&&2185757_875_1_7_356,TypeI-E
GCA_022369475.1&&1329521_266_2_2_9791,TypeII-B
GCA_022369475.1&&1329790_956_2_3_9791,TypeII-B
GCA_022376295.1&&2480323_1001_1_7_3716,TypeI-D
GCA_022376295.1&&2481338_272_1_8_3716,TypeI-D
GCA_022376295.1&&4191674_278_2_1_8537,TypeIII-B
GCA_022429565.1&&2534883_341_1_3_5965,TypeII-C
GCA_022438605.1&&1051036_920_1_7_8457,TypeI-E
GCA_022453725.1&&3087380_284_1_2_1194,TypeI-A
GCA_022494515.1&&1518592_290_1_1_2180,TypeI-C
GCA_022558425.1&&115618_905_1_2_4179,TypeII-A
GCA_022558425.1&&116501_305_1_3_4179,TypeII-A
GCA_022558445.1&&2881239_992_2_8_7329,TypeIII-B
GCA_022559165.1&&399278_305_2_2_5837,TypeII-A
GCA_022569875.1&&6860070_974_1_1_9711,TypeI-F
GCA_022569955.1&&5735730_974_2_6_4733,TypeI-F
GCA_022631175.1&&3443284_977_1_1_2134,TypeI-F
GCA_022654545.1&&3674915_284_2_1_8955,TypeI-E
GCA_022674245.1&&104257_1610_1_2_7813,TypeV-B1
GCA_022674245.1&&105873_293_1_3_7813,TypeV-B1
GCA_900009275.2&&2144209_296_2_1_6880,TypeI-D
GCA_900009275.2&&2144502_977_2_2_6880,TypeI-D
GCA_900015005.1&&206460_305_1_3_7939,TypeII-A
GCA_900016155.1&&2423672_248_1_5_6403,TypeI-G
GCA_900070325.1&&558163_293_1_7_5341,TypeI-C
GCA_900083515.1&&1564762_1688_2_2_144,TypeI-G
GCA_900086925.1&&1827925_302_2_1_8160,TypeI-G
GCA_900087165.1&&2190178_1601_1_4_2985,TypeI-G
GCA_900095075.1&&2180981_302_1_5_7141,TypeI-G
GCA_900095295.1&&1377274_263_2_1_2069,TypeI-B
GCA_900095795.1&&998037_989_1_5_1093,TypeI-B
GCA_900095815.1&&1364657_263_2_6_6933,TypeIII-D
GCA_900095815.1&&1364922_968_2_7_6933,TypeIII-D
GCA_900097215.1&&2193102_1601_2_2_6346,TypeI-G
GCA_900097225.1&&444744_1601_2_2_5457,TypeI-G
GCA_900097255.1&&2122441_1601_1_4_1685,TypeI-G
GCA_900097255.1&&2124039_302_1_5_1685,TypeI-G
GCA_900105995.1&&2067988_272_1_1_5305,TypeIII-B
GCA_900105995.1&&2068270_947_1_2_5305,TypeIII-B
GCA_900119765.1&&176217_992_1_2_6808,TypeII-B
GCA_900119765.1&&177216_299_1_3_6808,TypeII-B
GCA_900155855.1&&961950_869_1_2_9053,TypeII-A
GCA_900168365.1&&1112218_998_1_7_1403,TypeI-B
GCA_900186985.1&&1841921_317_2_1_11329,TypeII-C
GCA_900187135.1&&1589699_299_2_1_7059,TypeI-G
GCA_900187175.1&&1529168_1004_2_2_1231,TypeI-B
GCA_900187215.1&&2520723_302_1_5_6081,TypeI-G
GCA_900187295.1&&2641741_299_1_5_7987,TypeI-G
GCA_900209925.1&&2459367_260_2_1_1156,TypeIII-D
GCA_900209925.1&&2459654_1928_2_2_1156,TypeIII-D
GCA_900215505.1&&2003476_287_2_1_10106,TypeIII-D
GCA_900230115.1&&4325286_296_2_1_6552,TypeIII-D
GCA_900248165.1&&1556748_1019_2_2_7803,TypeI-B
GCA_900474775.1&&960620_869_2_3_9869,TypeII-A
GCA_900474875.1&&1476684_869_2_3_6707,TypeII-A
GCA_900474945.1&&779894_869_1_2_8832,TypeII-A
GCA_900474965.1&&571287_1025_1_6_2643,TypeI-C
GCA_900474965.1&&959246_311_2_2_7988,TypeII-A
GCA_900474985.1&&800902_911_1_2_687,TypeII-C
GCA_900475005.1&&573813_293_1_7_10497,TypeI-C
GCA_900475115.1&&562133_293_1_7_1392,TypeI-C
GCA_900475185.1&&1565644_1025_2_2_11109,TypeI-C
GCA_900475295.1&&615103_1025_1_6_5919,TypeI-C
GCA_900475355.1&&863816_341_1_3_6982,TypeII-A
GCA_900475435.1&&565934_293_1_7_3957,TypeI-C
GCA_900475605.1&&662993_1601_2_1_2855,TypeI-G
GCA_900475635.1&&1908450_299_1_5_6188,TypeI-G
GCA_900475725.1&&1222083_311_1_3_6283,TypeII-A
GCA_900476255.1&&823954_980_1_3_7001,TypeV-A
GCA_900476255.1&&824936_272_1_4_7001,TypeV-A
GCA_900477945.1&&1002853_1070_1_8_4094,TypeIII-A
GCA_900478185.1&&672938_830_1_2_3115,TypeIII-A
GCA_900478315.1&&1517641_1001_2_2_9667,TypeI-B
GCA_900478745.1&&2819314_974_2_6_10456,TypeI-F
GCA_900498135.1&&4716735_1661_2_2_1074,TypeI-G
GCA_900537995.1&&1223695_1004_1_7_5605,TypeIII-A
GCA_900603025.1&&5086333_1688_2_1_2429,TypeI-G
GCA_900618315.1&&2816244_974_2_6_6180,TypeI-F
GCA_900635205.1&&1137701_920_1_7_5004,TypeI-E
GCA_900635825.1&&2978976_299_2_2_8309,TypeII-B
GCA_900635825.1&&2980815_557_2_3_8309,TypeII-B
GCA_900636325.1&&80637_305_1_2_7169,TypeIII-A
GCA_900636415.1&&1403716_344_2_2_6583,TypeII-A
GCA_900636425.1&&760783_869_1_2_8894,TypeII-A
GCA_900636445.1&&698028_911_1_2_4566,TypeII-C
GCA_900636525.1&&1233028_866_2_3_3859,TypeII-A
GCA_900636625.1&&1993353_980_2_2_10634,TypeI-F
GCA_900636635.1&&3180997_299_2_1_6904,TypeI-E
GCA_900636745.1&&1987895_956_2_2_3786,TypeI-F
GCA_900636775.1&&439442_329_1_3_1898,TypeII-A
GCA_900636955.1&&177828_992_1_2_4204,TypeII-B
GCA_900636955.1&&178827_299_1_3_4204,TypeII-B
GCA_900637075.1&&782198_1025_2_2_5804,TypeI-C
GCA_900637165.1&&1056752_1607_2_1_437,TypeI-G
GCA_900637325.1&&444874_998_1_2_5237,TypeII-B
GCA_900637655.1&&3041570_1016_2_2_651,TypeI-B
GCA_900637725.1&&2905070_1664_2_2_5093,TypeI-G
GCA_900638095.1&&1416918_980_2_2_4678,TypeI-F
GCA_900638165.1&&1615542_890_2_2_11331,TypeII-C
GCA_900638305.1&&1897191_2021_1_6_239,TypeIII-B
GCA_900638305.1&&1899151_356_1_7_239,TypeIII-B
GCA_900638355.1&&1560328_908_2_1_5500,TypeIII-D
GCA_900638355.1&&1571168_275_1_7_5500,TypeIII-D
GCA_900638435.1&&663891_893_2_2_3629,TypeII-C
GCA_900638535.1&&876962_302_2_1_7923,TypeI-G
GCA_900638645.1&&2909942_284_2_1_5078,TypeI-G
GCA_900638645.1&&2910230_1664_2_2_5078,TypeI-G
GCA_900638645.1&&671021_1676_2_1_6670,TypeI-G
GCA_900638665.1&&29156_914_1_2_3841,TypeII-C
GCA_901538385.1&&5902034_299_2_1_10286,TypeI-A
GCA_901542365.1&&1220594_311_2_2_53,TypeII-A
GCA_901542435.1&&1194115_329_2_2_5019,TypeII-A
GCA_901543605.1&&623367_308_1_3_9864,TypeII-C
GCA_902729405.1&&4471381_1031_2_1_6146,TypeI-C
GCA_902827205.1&&294019_257_1_1_6173,TypeI-A
GCA_902827225.1&&608350_968_1_6_2082,TypeI-D
GCA_902827225.1&&609315_257_2_7_2082,TypeI-D
GCA_903064525.1&&1333581_293_2_1_9972,TypeIII-C
GCA_903064525.1&&1333883_1724_2_2_9972,TypeIII-C
GCA_903064525.1&&1415119_290_2_1_820,TypeV-B
GCA_903064525.1&&1415426_1718_2_2_820,TypeV-B
GCA_903885985.1&&908218_1004_1_1_10102,TypeIII-A
GCA_903886075.1&&634124_323_1_3_4582,TypeII-C
GCA_903886075.1&&889110_1004_1_1_7997,TypeIII-A
GCA_903886285.1&&853558_329_1_2_3592,TypeIII-A
GCA_903886385.1&&621597_911_1_2_10075,TypeII-C
GCA_903886385.1&&864952_623_1_1_8730,TypeIII-A
GCA_903886385.1&&865955_329_1_2_8730,TypeIII-A
GCA_903890795.1&&1387023_869_2_3_9375,TypeII-A
GCA_903890795.1&&894486_329_1_2_11301,TypeIII-A
GCA_903890815.1&&482836_329_1_3_7098,TypeII-A
GCA_903891015.1&&913401_329_2_8_7763,TypeIII-A
GCA_903891195.1&&869250_329_1_2_64,TypeIII-A
GCA_903891305.1&&628883_911_1_2_3165,TypeII-C
GCA_903891305.1&&871277_329_1_2_11454,TypeIII-A
GCA_905171745.1&&1579909_641_1_6_7914,TypeI-B
GCA_905171755.1&&1032977_278_2_1_4596,TypeIII-C
GCA_905171755.1&&1579712_263_1_8_4069,TypeI-B
GCA_919162555.1&&3535322_848_2_2_1830,TypeI-B
